Local Authority Code(OSLUA),Local Authority,Known As,Old Codes P1,Old Codes P2,Country Code (CTRY12CD),Country,Region Code (RGN20CD),Region,Metro Region,Estimated Population (Most Recent),Area (sq km),Estimated People per sq. km (Most Recent),Estimated Median Age (Most Recent),ImageURL
E06000001,Hartlepool,,00EB | H0724,,E92000001,England,E12000001,RG_North-East,MR_Tees-Valley,93836,94,1001,41.6,https://upload.wikimedia.org/wikipedia/commons/5/50/Hartlepool_UK_locator_map.svg
E06000002,Middlesbrough,,00EC | W0734,,E92000001,England,E12000001,RG_North-East,MR_Tees-Valley,141285,54,2622,36.2,https://upload.wikimedia.org/wikipedia/commons/4/46/Middlesbrough_UK_locator_map.svg
E06000003,Redcar and Cleveland,,00EE | V0728,,E92000001,England,E12000001,RG_North-East,MR_Tees-Valley,137228,245,560,45.3,https://upload.wikimedia.org/wikipedia/commons/0/09/Redcar_and_Cleveland_UK_locator_map.svg
E06000004,Stockton-on-Tees,,00EF | H0738,,E92000001,England,E12000001,RG_North-East,MR_Tees-Valley,197419,205,963,41,https://upload.wikimedia.org/wikipedia/commons/2/23/Stockton-on-Tees_UK_locator_map.svg
E06000005,Darlington,,00EH | N1350,,E92000001,England,E12000001,RG_North-East,MR_Tees-Valley,107402,197,544,43.2,https://upload.wikimedia.org/wikipedia/commons/0/0c/Darlington_UK_locator_map.svg
E06000006,Halton,,00ET | D0650,,E92000001,England,E12000002,RG_North-West,MR_Liverpool-City-Region,129759,79,1641,41,https://upload.wikimedia.org/wikipedia/commons/f/fc/Halton_UK_locator_map.svg
E06000007,Warrington,,00EU | M0655,,E92000001,England,E12000002,RG_North-West,MR_Not-Metro-Region,209397,181,1159,42.6,https://upload.wikimedia.org/wikipedia/commons/f/f8/Warrington_UK_locator_map.svg
E06000008,Blackburn with Darwen,,00EX | M2372,,E92000001,England,E12000002,RG_North-West,MR_Not-Metro-Region,150030,137,1095,36.6,https://upload.wikimedia.org/wikipedia/commons/a/a5/Blackburn_with_Darwen_UK_locator_map.svg
E06000009,Blackpool,,00EY | J2373,,E92000001,England,E12000002,RG_North-West,MR_Not-Metro-Region,138381,35,3968,43.5,https://upload.wikimedia.org/wikipedia/commons/2/24/Blackpool_UK_locator_map.svg
E06000010,"Kingston upon Hull, City of",Kingston upon Hull,00FA | V2004,,E92000001,England,E12000003,RG_Yorkshire-and-The-Humber,MR_Not-Metro-Region,259126,72,3620,35.9,https://upload.wikimedia.org/wikipedia/commons/e/e6/Kingston_upon_Hull_UK_locator_map.svg
E06000011,East Riding of Yorkshire,,00FB | E2001,,E92000001,England,E12000003,RG_Yorkshire-and-The-Humber,MR_Not-Metro-Region,343201,2404,143,49.5,https://upload.wikimedia.org/wikipedia/commons/6/65/East_Riding_of_Yorkshire_Council_UK_locator_map.svg
E06000012,North East Lincolnshire,,00FC | B2002,,E92000001,England,E12000003,RG_Yorkshire-and-The-Humber,MR_Not-Metro-Region,159364,193,827,42.7,https://upload.wikimedia.org/wikipedia/commons/5/53/North_East_Lincolnshire_UK_locator_map.svg
E06000013,North Lincolnshire,,00FD | Y2003,,E92000001,England,E12000003,RG_Yorkshire-and-The-Humber,MR_Not-Metro-Region,172748,847,204,44.5,https://upload.wikimedia.org/wikipedia/commons/1/1a/North_Lincolnshire_UK_locator_map.svg
E06000014,York,,00FF | C2741,,E92000001,England,E12000003,RG_Yorkshire-and-The-Humber,MR_Not-Metro-Region,211012,272,776,37.6,https://upload.wikimedia.org/wikipedia/commons/7/7e/York_UK_locator_map.svg
E06000015,Derby,,00FK | C1055,,E92000001,England,E12000004,RG_East-Midlands,MR_Not-Metro-Region,256814,78,3291,37.2,https://upload.wikimedia.org/wikipedia/commons/f/f6/Derby_UK_locator_map.svg
E06000016,Leicester,,00FN | W2465,,E92000001,England,E12000004,RG_East-Midlands,MR_Not-Metro-Region,354036,73,4827,31.7,https://upload.wikimedia.org/wikipedia/commons/c/cf/Leicester_UK_locator_map.svg
E06000017,Rutland,,00FP | A2470,,E92000001,England,E12000004,RG_East-Midlands,MR_Not-Metro-Region,40476,382,106,47.9,https://upload.wikimedia.org/wikipedia/commons/4/43/Rutland_UK_location_map.svg
E06000018,Nottingham,,00FY | Q3060,,E92000001,England,E12000004,RG_East-Midlands,MR_Not-Metro-Region,337098,75,4518,29.7,https://upload.wikimedia.org/wikipedia/commons/a/a2/Nottingham_UK_locator_map.svg
E06000019,"Herefordshire, County of",Herefordshire,00GA | W1850,,E92000001,England,E12000005,RG_West-Midlands,MR_Not-Metro-Region,193615,2180,89,47.7,https://upload.wikimedia.org/wikipedia/commons/b/be/Herefordshire_UK_location_map.svg
E06000020,Telford and Wrekin,Telford & Wrekin,00GF | C3240,,E92000001,England,E12000005,RG_West-Midlands,MR_Not-Metro-Region,181322,290,625,39.6,https://upload.wikimedia.org/wikipedia/commons/8/83/Telford_and_Wrekin_UK_locator_map.svg
E06000021,Stoke-on-Trent,,00GL | M3455,,E92000001,England,E12000005,RG_West-Midlands,MR_Not-Metro-Region,256622,93,2746,37.9,https://upload.wikimedia.org/wikipedia/commons/0/0d/Stoke-on-Trent_UK_locator_map.svg
E06000022,Bath and North East Somerset,,00HA | F0114,,E92000001,England,E12000009,RG_South-West,MR_West-of-England,196357,346,568,37.7,https://upload.wikimedia.org/wikipedia/commons/9/94/Bath_and_North_East_Somerset_UK_locator_map.svg
E06000023,"Bristol, City of",Bristol | City Of Bristol,00HB | Z0116,,E92000001,England,E12000009,RG_South-West,MR_West-of-England,465866,110,4248,32.4,https://upload.wikimedia.org/wikipedia/commons/a/a9/Bristol_UK_location_map.svg
E06000024,North Somerset,,00HC | D0121,,E92000001,England,E12000009,RG_South-West,MR_Not-Metro-Region,215574,374,577,46.1,https://upload.wikimedia.org/wikipedia/commons/2/21/North_Somerset_UK_locator_map.svg
E06000025,South Gloucestershire,,00HD | P0119,,E92000001,England,E12000009,RG_South-West,MR_West-of-England,287816,497,579,40.7,https://upload.wikimedia.org/wikipedia/commons/e/eb/South_Gloucestershire_UK_locator_map.svg
E06000026,Plymouth,,00HG | N1160,,E92000001,England,E12000009,RG_South-West,MR_Not-Metro-Region,262839,80,3292,38.8,https://upload.wikimedia.org/wikipedia/commons/d/d0/Plymouth_UK_locator_map.svg
E06000027,Torbay,,00HH | X1165,,E92000001,England,E12000009,RG_South-West,MR_Not-Metro-Region,136218,63,2166,49.6,https://upload.wikimedia.org/wikipedia/commons/f/f3/Torbay_UK_locator_map.svg
E06000030,Swindon,,00HX | U3935,,E92000001,England,E12000009,RG_South-West,MR_Not-Metro-Region,222881,230,969,40.5,https://upload.wikimedia.org/wikipedia/commons/4/42/Swindon_UK_locator_map.svg
E06000031,Peterborough,,00JA | J0540,,E92000001,England,E12000006,RG_East-of-England,MR_Cambridgeshire-and-Peterborough,202626,343,590,37.1,https://upload.wikimedia.org/wikipedia/commons/1/18/Peterborough_UK_locator_map.svg
E06000032,Luton,,00KA | B0230,,E92000001,England,E12000006,RG_East-of-England,MR_Not-Metro-Region,213528,43,4925,34.8,https://upload.wikimedia.org/wikipedia/commons/3/3c/Luton_UK_locator_map.svg
E06000033,Southend-on-Sea,,00KF | D1590,,E92000001,England,E12000006,RG_East-of-England,MR_Not-Metro-Region,182773,42,4386,42.1,https://upload.wikimedia.org/wikipedia/commons/f/fd/Southend-on-Sea_UK_locator_map.svg
E06000034,Thurrock,,00KG | M1595,,E92000001,England,E12000006,RG_East-of-England,MR_Not-Metro-Region,175531,164,1071,36.9,https://upload.wikimedia.org/wikipedia/commons/b/b4/Thurrock_UK_locator_map.svg
E06000035,Medway,,00LC | A2280,,E92000001,England,E12000008,RG_South-East,MR_Not-Metro-Region,279142,194,1441,38.4,https://upload.wikimedia.org/wikipedia/commons/c/c3/Medway_UK_locator_map.svg
E06000036,Bracknell Forest,,00MA | R0335,,E92000001,England,E12000008,RG_South-East,MR_Not-Metro-Region,124165,109,1135,39.6,https://upload.wikimedia.org/wikipedia/commons/2/2f/Bracknell_Forest_UK_locator_map.svg
E06000037,West Berkshire,,00MB | W0340,,E92000001,England,E12000008,RG_South-East,MR_Not-Metro-Region,158465,704,225,43.8,https://upload.wikimedia.org/wikipedia/commons/6/69/West_Berkshire_UK_locator_map.svg
E06000038,Reading,,00MC | E0345,,E92000001,England,E12000008,RG_South-East,MR_Not-Metro-Region,160337,40,3969,35.1,https://upload.wikimedia.org/wikipedia/commons/9/93/Reading_UK_locator_map.svg
E06000039,Slough,,00MD | J0350,,E92000001,England,E12000008,RG_South-East,MR_Not-Metro-Region,149577,33,4596,35.3,https://upload.wikimedia.org/wikipedia/commons/5/55/Slough_UK_locator_map.svg
E06000040,Windsor and Maidenhead,,00ME | T0355,,E92000001,England,E12000008,RG_South-East,MR_Not-Metro-Region,151273,197,770,42.6,https://upload.wikimedia.org/wikipedia/commons/e/ec/Windsor_and_Maidenhead_UK_locator_map.svg
E06000041,Wokingham,,00MF | X0360,,E92000001,England,E12000008,RG_South-East,MR_Not-Metro-Region,173945,179,972,41.6,https://upload.wikimedia.org/wikipedia/commons/8/87/Wokingham_UK_locator_map.svg
E06000042,Milton Keynes,,00MG | Y0435,,E92000001,England,E12000008,RG_South-East,MR_Not-Metro-Region,270203,309,876,38.3,https://upload.wikimedia.org/wikipedia/commons/b/b4/Milton_Keynes_UK_locator_map.svg
E06000043,Brighton and Hove,,00ML | Q1445,,E92000001,England,E12000008,RG_South-East,MR_Not-Metro-Region,291738,83,3522,35.3,https://upload.wikimedia.org/wikipedia/commons/a/a8/Brighton_and_Hove_UK_locator_map.svg
E06000044,Portsmouth,,00MR | Z1775,,E92000001,England,E12000008,RG_South-East,MR_Not-Metro-Region,214692,40,5315,34.2,https://upload.wikimedia.org/wikipedia/commons/6/60/Portsmouth_UK_locator_map.svg
E06000045,Southampton,,00MS | D1780,,E92000001,England,E12000008,RG_South-East,MR_Not-Metro-Region,252872,50,5070,32.3,https://upload.wikimedia.org/wikipedia/commons/7/7b/Southampton_UK_locator_map.svg
E06000046,Isle of Wight,,00MW | P2114,,E92000001,England,E12000008,RG_South-East,MR_Not-Metro-Region,142296,380,375,51,https://upload.wikimedia.org/wikipedia/commons/thumb/0/0a/Isle_of_Wight_UK_locator_map_2010.svg/800px-Isle_of_Wight_UK_locator_map_2010.svg.png
E06000047,County Durham,Chester-le-Street | Derwentside | Durham | Durham City  | Easington | Sedgefield | Teesdale | Wear Valley,20UB | 20UD | 20UE | 20UF | 20UG | 20UH | 20UJ,E07000054 | E07000055 | E07000056 | E07000057 | E07000058 | E07000059 | E07000060 | X1355,E92000001,England,E12000001,RG_North-East,MR_Not-Metro-Region,533149,2226,240,43.1,https://upload.wikimedia.org/wikipedia/commons/f/f0/Durham_UK_location_map.svg
E06000049,Cheshire East,Congleton | Crewe and Nantwich | Macclesfield,13UC | 13UD | 13UG | E07000014 | E07000015 | E07000017 | R0660,,E92000001,England,E12000002,RG_North-West,MR_Not-Metro-Region,386667,1166,332,46.6,https://upload.wikimedia.org/wikipedia/commons/4/4f/Cheshire_East_UK_locator_map.svg
E06000050,Cheshire West and Chester,Chester | Ellesmere Port & Neston | Ellesmere Port and Neston | Vale Royal,13UB | 13UE | 13UH | A0665 | E07000013 | E07000016 | E07000018,,E92000001,England,E12000002,RG_North-West,MR_Not-Metro-Region,343823,920,374,44.6,https://upload.wikimedia.org/wikipedia/commons/6/60/Cheshire_West_and_Chester_UK_locator_map.svg
E06000051,Shropshire,Bridgnorth | North Shropshire | Oswestry | Shrewsbury and Atcham | South Shropshire,39UB | 39UC | 39UD | 39UE | 39UF | E07000182 | E07000183 | E07000184 | E07000185 | E07000186 | L3245,,E92000001,England,E12000005,RG_West-Midlands,MR_Not-Metro-Region,325415,3197,102,48.2,https://upload.wikimedia.org/wikipedia/commons/3/3b/Shropshire_UK_location_map.svg
E06000052,Cornwall,Caradon | Carrick | Kerrier | North Cornwall | Penwith | Restormel,15UB | 15UC | 15UD | 15UE | 15UF | 15UG | D0840,E07000019 | E07000020 | E07000021 | E07000022 | E07000023 | E07000024,E92000001,England,E12000009,RG_South-West,MR_Not-Metro-Region,573299,3545,162,47.9,https://upload.wikimedia.org/wikipedia/commons/f/f8/SPAs_within_Cornwall_map.svg
E06000053,Isles of Scilly,,00HF | 15UH | E07000025 | Z0835,,E92000001,England,E12000009,RG_South-West,MR_Not-Metro-Region,2226,16,136,48.8,https://upload.wikimedia.org/wikipedia/commons/8/8e/Isles_of_Scilly_UK_locator_map.svg
E06000054,Wiltshire,Kennet | North Wiltshire | Salisbury | West Wiltshire,46UB | 46UC | 46UD | 46UF | E07000230 | E07000231 | E07000232 | E07000233 | Y3940,,E92000001,England,E12000009,RG_South-West,MR_Not-Metro-Region,504070,3255,155,45.1,https://upload.wikimedia.org/wikipedia/commons/d/db/Wiltshire_UK_district_map_%28blank%29.svg
E06000055,Bedford,,09UD | E07000002 | K0235,,E92000001,England,E12000006,RG_East-of-England,MR_Not-Metro-Region,174687,476,367,40.7,https://upload.wikimedia.org/wikipedia/commons/a/a3/Bedford_UK_locator_map.svg
E06000056,Central Bedfordshire,Mid Bedfordshire | South Bedfordshire,09UC | 09UE | E07000001 | E07000003 | P0240,,E92000001,England,E12000006,RG_East-of-England,MR_Not-Metro-Region,294096,716,411,40.9,https://upload.wikimedia.org/wikipedia/commons/6/6e/Central_Bedfordshire_UK_locator_map.svg
E06000057,Northumberland,Alnwick | Berwick-upon-Tweed | Blyth Valley | Castle Morpeth | Tynedale | Wansbeck,35UB | 35UC | 35UD | 35UE | 35UF | 35UG,,E92000001,England,E12000001,RG_North-East,MR_North-of-Tyne,323820,5020,65,48.8,https://upload.wikimedia.org/wikipedia/commons/4/49/Northumberland_UK_district_map_%28blank%29.svg
E06000058,"Bournemouth, Christchurch and Poole",Bournemouth | Christchurch | Poole,00HN | 00HP | 19UC | E06000028 | E06000029 | E07000048 | E1210 | G1250 | Q1255,E06000048 | E07000157 | E07000158 | E07000159 | E07000160 | E07000161 | E07000162 | P2935,E92000001,England,E12000009,RG_South-West,MR_Not-Metro-Region,396989,162,2449,42.8,https://upload.wikimedia.org/wikipedia/commons/2/21/Bournemouth%2C_Christchurch_and_Poole_UK_locator_map.svg
E06000059,Dorset,East Dorset | North Dorset | Purbeck | West Dorset | Weymouth & Portland | Weymouth and Portland,19UD | 19UE | 19UG | 19UH | 19UJ | B1225 | F1230 | N1215 | P1235 | U1240,E07000049 | E07000050 | E07000051 | E07000052 | E07000053 ,E92000001,England,E12000009,RG_South-West,MR_Not-Metro-Region,379791,2491,152,51.4,https://upload.wikimedia.org/wikipedia/commons/9/95/Dorset_UK_district_map_2019_%28blank%29.svg
E06000060,Buckinghamshire,Aylesbury Vale  | Chiltern | South Bucks | Wycombe,11UB | 11UC | 11UE | 11UF | J0405 | K0425 | N0410 | X0415, E07000004 | E07000005 | E07000006 | E07000007 ,E92000001,England,E12000008,RG_South-East,MR_Not-Metro-Region,547060,1565,350,42.3,https://upload.wikimedia.org/wikipedia/commons/e/ef/Buckinghamshire_UK_location_map_1_April_2020.svg
E06000061,North Northamptonshire,Corby | East Northamptonshire | Kettering | Wellingborough,34UB | 34UD | 34UE | 34UH | G2815 | H2835 | L2820 | U2805,,E92000001,England,E12000004,RG_East-Midlands,MR_Not-Metro-Region,350448,987,355,41.5,https://upload.wikimedia.org/wikipedia/commons/4/4e/North_Northamptonshire_UK_locator_map.svg
E06000062,West Northamptonshire,Daventry | Northampton | South Northamptonshire,34UC | 34UF | 34UG | E07000151 | E07000154 | E07000155 | V2825 | Y2810 | Z2830,E07000150 | E07000152 | E07000153 | E07000156,E92000001,England,E12000004,RG_East-Midlands,MR_Not-Metro-Region,406733,1377,295,40.7,https://upload.wikimedia.org/wikipedia/commons/7/74/West_Northamptonshire_UK_locator_map.svg
E07000008,Cambridge,,12UB | Q0505,,E92000001,England,E12000006,RG_East-of-England,MR_Cambridgeshire-and-Peterborough,125063,41,3073,29.8,https://upload.wikimedia.org/wikipedia/commons/f/f5/Cambridge_UK_locator_map.svg
E07000009,East Cambridgeshire,,12UC | V0510,,E92000001,England,E12000006,RG_East-of-England,MR_Cambridgeshire-and-Peterborough,90172,651,138,43.8,https://upload.wikimedia.org/wikipedia/commons/c/c1/East_Cambridgeshire_UK_locator_map.svg
E07000010,Fenland,,12UD | D0515,,E92000001,England,E12000006,RG_East-of-England,MR_Cambridgeshire-and-Peterborough,102080,546,187,45.1,https://upload.wikimedia.org/wikipedia/commons/1/18/Fenland_UK_locator_map.svg
E07000011,Huntingdonshire,,12UE | H0520,,E92000001,England,E12000006,RG_East-of-England,MR_Cambridgeshire-and-Peterborough,178985,906,198,43.6,https://upload.wikimedia.org/wikipedia/commons/0/06/Huntingdonshire_UK_locator_map.svg
E07000012,South Cambridgeshire,,12UG | W0530,,E92000001,England,E12000006,RG_East-of-England,MR_Cambridgeshire-and-Peterborough,160904,902,178,43.3,https://upload.wikimedia.org/wikipedia/commons/a/ab/South_Cambridgeshire_UK_locator_map.svg
E07000026,Allerdale,,16UB | R0905,,E92000001,England,E12000002,RG_North-West,MR_Not-Metro-Region,97831,1242,79,48.6,https://upload.wikimedia.org/wikipedia/commons/a/a8/Allerdale_UK_locator_map.svg
E07000027,Barrow-in-Furness,,16UC | W0910,,E92000001,England,E12000002,RG_North-West,MR_Not-Metro-Region,66726,78,857,45,https://upload.wikimedia.org/wikipedia/commons/4/47/Barrow-in-Furness_UK_locator_map.svg
E07000028,Carlisle,,16UD | E0915,,E92000001,England,E12000002,RG_North-West,MR_Not-Metro-Region,108524,1038,105,45.3,https://upload.wikimedia.org/wikipedia/commons/8/82/Carlisle_UK_locator_map.svg
E07000029,Copeland,,16UE | J0920,,E92000001,England,E12000002,RG_North-West,MR_Not-Metro-Region,68041,732,93,47.3,https://upload.wikimedia.org/wikipedia/commons/a/a1/Copeland_UK_locator_map.svg
E07000030,Eden,,16UF | T0925,,E92000001,England,E12000002,RG_North-West,MR_Not-Metro-Region,53754,2142,25,51.3,https://upload.wikimedia.org/wikipedia/commons/3/3d/Eden_UK_locator_map.svg
E07000031,South Lakeland,,16UG | X0930,,E92000001,England,E12000002,RG_North-West,MR_Not-Metro-Region,104905,1535,68,51.6,https://upload.wikimedia.org/wikipedia/commons/2/2e/South_Lakeland_UK_locator_map.svg
E07000032,Amber Valley,,17UB | M1005,,E92000001,England,E12000004,RG_East-Midlands,MR_Not-Metro-Region,128829,265,485,46.2,https://upload.wikimedia.org/wikipedia/commons/c/c0/Amber_Valley_UK_locator_map.svg
E07000033,Bolsover,,17UC | R1010,,E92000001,England,E12000004,RG_East-Midlands,MR_Not-Metro-Region,81305,160,507,43.9,https://upload.wikimedia.org/wikipedia/commons/b/b5/Bolsover_UK_locator_map.svg
E07000034,Chesterfield,,17UD | A1015,,E92000001,England,E12000004,RG_East-Midlands,MR_Not-Metro-Region,104930,66,1589,44.7,https://upload.wikimedia.org/wikipedia/commons/e/e8/Chesterfield_UK_locator_map.svg
E07000035,Derbyshire Dales,,17UF | P1045,,E92000001,England,E12000004,RG_East-Midlands,MR_Not-Metro-Region,72422,792,91,51.5,https://upload.wikimedia.org/wikipedia/commons/e/e0/Derbyshire_Dales_UK_locator_map.svg
E07000036,Erewash,,17UG | N1025,,E92000001,England,E12000004,RG_East-Midlands,MR_Not-Metro-Region,115332,110,1052,43.9,https://upload.wikimedia.org/wikipedia/commons/f/fe/Erewash_UK_locator_map.svg
E07000037,High Peak,,17UH | T1030,,E92000001,England,E12000004,RG_East-Midlands,MR_Not-Metro-Region,92633,539,172,46.4,https://upload.wikimedia.org/wikipedia/commons/4/4e/High_Peak_UK_locator_map.svg
E07000038,North East Derbyshire,,17UJ | B1035,,E92000001,England,E12000004,RG_East-Midlands,MR_Not-Metro-Region,102216,276,371,47.9,https://upload.wikimedia.org/wikipedia/commons/4/4d/North_East_Derbyshire_UK_locator_map.svg
E07000039,South Derbyshire,,17UK | F1040,,E92000001,England,E12000004,RG_East-Midlands,MR_Not-Metro-Region,109516,338,324,41.9,https://upload.wikimedia.org/wikipedia/commons/b/b1/South_Derbyshire_UK_locator_map.svg
E07000040,East Devon,,18UB | U1105,,E92000001,England,E12000009,RG_South-West,MR_Not-Metro-Region,148080,814,182,51.3,https://upload.wikimedia.org/wikipedia/commons/5/5f/East_Devon_UK_locator_map.svg
E07000041,Exeter,,18UC | Y1110,,E92000001,England,E12000009,RG_South-West,MR_Not-Metro-Region,133333,47,2835,33.4,https://upload.wikimedia.org/wikipedia/commons/b/bf/Exeter_UK_locator_map.svg
E07000042,Mid Devon,,18UD | H1135,,E92000001,England,E12000009,RG_South-West,MR_Not-Metro-Region,83290,913,91,46.8,https://upload.wikimedia.org/wikipedia/commons/7/7f/Mid_Devon_UK_locator_map.svg
E07000043,North Devon,,18UE | G1115,,E92000001,England,E12000009,RG_South-West,MR_Not-Metro-Region,98170,1086,90,48.4,https://upload.wikimedia.org/wikipedia/commons/5/5d/North_Devon_UK_locator_map.svg
E07000044,South Hams,,18UG | V1125,,E92000001,England,E12000009,RG_South-West,MR_Not-Metro-Region,87946,887,99,51.7,https://upload.wikimedia.org/wikipedia/commons/e/e7/South_Hams_UK_locator_map.svg
E07000045,Teignbridge,,18UH | Z1130,,E92000001,England,E12000009,RG_South-West,MR_Not-Metro-Region,135039,674,200,49.6,https://upload.wikimedia.org/wikipedia/commons/5/58/Teignbridge_UK_locator_map.svg
E07000046,Torridge,,18UK | W1145,,E92000001,England,E12000009,RG_South-West,MR_Not-Metro-Region,68719,984,70,51.1,https://upload.wikimedia.org/wikipedia/commons/a/aa/Torridge_UK_locator_map.svg
E07000047,West Devon,,18UL | A1150,,E92000001,England,E12000009,RG_South-West,MR_Not-Metro-Region,56139,1160,48,51.7,https://upload.wikimedia.org/wikipedia/commons/1/14/West_Devon_UK_locator_map.svg
E07000061,Eastbourne,,21UC | T1410,,E92000001,England,E12000008,RG_South-East,MR_Not-Metro-Region,103324,44,2340,46.3,https://upload.wikimedia.org/wikipedia/commons/7/7b/Eastbourne_UK_locator_map.svg
E07000062,Hastings,,21UD | B1415,,E92000001,England,E12000008,RG_South-East,MR_Not-Metro-Region,92554,30,3106,43.7,https://upload.wikimedia.org/wikipedia/commons/3/32/Hastings_UK_locator_map.svg
E07000063,Lewes,,21UF | P1425,,E92000001,England,E12000008,RG_South-East,MR_Not-Metro-Region,103525,292,354,48.2,https://upload.wikimedia.org/wikipedia/commons/6/65/Lewes_UK_locator_map.svg
E07000064,Rother,,21UG | U1430,,E92000001,England,E12000008,RG_South-East,MR_Not-Metro-Region,96716,509,190,53.4,https://upload.wikimedia.org/wikipedia/commons/2/27/Rother_UK_locator_map.svg
E07000065,Wealden,,21UH | C1435,,E92000001,England,E12000008,RG_South-East,MR_Not-Metro-Region,162733,833,195,49.2,https://upload.wikimedia.org/wikipedia/commons/3/33/Wealden_UK_locator_map.svg
E07000066,Basildon,,22UB | V1505,,E92000001,England,E12000006,RG_East-of-England,MR_Not-Metro-Region,187558,110,1705,39.3,https://upload.wikimedia.org/wikipedia/commons/b/b0/Basildon_UK_locator_map.svg
E07000067,Braintree,,22UC | Z1510,,E92000001,England,E12000006,RG_East-of-England,MR_Not-Metro-Region,153091,612,250,43.6,https://upload.wikimedia.org/wikipedia/commons/a/ae/Braintree_UK_locator_map.svg
E07000068,Brentwood,,22UD | H1515,,E92000001,England,E12000006,RG_East-of-England,MR_Not-Metro-Region,77242,153,504,43.2,https://upload.wikimedia.org/wikipedia/commons/7/7f/Brentwood_UK_locator_map.svg
E07000069,Castle Point,,22UE | M1520,,E92000001,England,E12000006,RG_East-of-England,MR_Not-Metro-Region,90524,45,2026,46.9,https://upload.wikimedia.org/wikipedia/commons/9/98/Castle_Point_UK_locator_map.svg
E07000070,Chelmsford,,22UF | W1525,,E92000001,England,E12000006,RG_East-of-England,MR_Not-Metro-Region,179549,339,530,41.8,https://upload.wikimedia.org/wikipedia/commons/5/58/Chelmsford_UK_locator_map.svg
E07000071,Colchester,,22UG | A1530,,E92000001,England,E12000006,RG_East-of-England,MR_Not-Metro-Region,197200,328,601,37.8,https://upload.wikimedia.org/wikipedia/commons/b/be/Colchester_UK_locator_map.svg
E07000072,Epping Forest,,22UH | J1535,,E92000001,England,E12000006,RG_East-of-England,MR_Not-Metro-Region,132175,339,390,42.6,https://upload.wikimedia.org/wikipedia/commons/5/58/Epping_Forest_UK_locator_map.svg
E07000073,Harlow,,22UJ | N1540,,E92000001,England,E12000006,RG_East-of-England,MR_Not-Metro-Region,87280,31,2858,37.7,https://upload.wikimedia.org/wikipedia/commons/4/42/Harlow_UK_locator_map.svg
E07000074,Maldon,,22UK | X1545,,E92000001,England,E12000006,RG_East-of-England,MR_Not-Metro-Region,65401,358,183,49.4,https://upload.wikimedia.org/wikipedia/commons/a/a8/Maldon_UK_locator_map.svg
E07000075,Rochford,,22UL | B1550,,E92000001,England,E12000006,RG_East-of-England,MR_Not-Metro-Region,87627,167,524,46.2,https://upload.wikimedia.org/wikipedia/commons/5/58/Rochford_UK_locator_map.svg
E07000076,Tendring,,22UN | P1560,,E92000001,England,E12000006,RG_East-of-England,MR_Not-Metro-Region,147353,336,438,51.1,https://upload.wikimedia.org/wikipedia/commons/7/7d/Tendring_UK_locator_map.svg
E07000077,Uttlesford,,22UQ | C1570,,E92000001,England,E12000006,RG_East-of-England,MR_Not-Metro-Region,92759,641,145,43.8,https://upload.wikimedia.org/wikipedia/commons/2/26/Uttlesford_UK_locator_map.svg
E07000078,Cheltenham,,23UB | B1605,,E92000001,England,E12000009,RG_South-West,MR_Not-Metro-Region,116043,47,2490,41,https://upload.wikimedia.org/wikipedia/commons/e/e8/Cheltenham_UK_locator_map.svg
E07000079,Cotswold,,23UC | F1610,,E92000001,England,E12000009,RG_South-West,MR_Not-Metro-Region,90264,1165,78,49.4,https://upload.wikimedia.org/wikipedia/commons/a/a2/Cotswold_UK_locator_map.svg
E07000080,Forest of Dean,,23UD | P1615,,E92000001,England,E12000009,RG_South-West,MR_Not-Metro-Region,87107,526,166,48.5,https://upload.wikimedia.org/wikipedia/commons/a/a6/Forest_of_Dean_UK_locator_map.svg
E07000081,Gloucester,,23UE | U1620,,E92000001,England,E12000009,RG_South-West,MR_Not-Metro-Region,129709,41,3199,39.4,https://upload.wikimedia.org/wikipedia/commons/8/8b/Gloucester_UK_locator_map.svg
E07000082,Stroud,,23UF | C1625,,E92000001,England,E12000009,RG_South-West,MR_Not-Metro-Region,120903,461,263,46.8,https://upload.wikimedia.org/wikipedia/commons/d/d8/Stroud_UK_locator_map.svg
E07000083,Tewkesbury,,23UG | G1630,,E92000001,England,E12000009,RG_South-West,MR_Not-Metro-Region,96624,414,233,44.4,https://upload.wikimedia.org/wikipedia/commons/1/18/Tewkesbury_UK_locator_map.svg
E07000084,Basingstoke and Deane,,24UB | H1705,,E92000001,England,E12000008,RG_South-East,MR_Not-Metro-Region,177760,634,280,41.4,https://upload.wikimedia.org/wikipedia/commons/3/3d/Basingstoke_and_Deane_UK_locator_map.svg
E07000085,East Hampshire,,24UC | M1710,,E92000001,England,E12000008,RG_South-East,MR_Not-Metro-Region,123838,514,241,47.4,https://upload.wikimedia.org/wikipedia/commons/f/f4/East_Hampshire_UK_locator_map.svg
E07000086,Eastleigh,,24UD | W1715,,E92000001,England,E12000008,RG_South-East,MR_Not-Metro-Region,135520,80,1701,42,https://upload.wikimedia.org/wikipedia/commons/4/47/Eastleigh_UK_locator_map.svg
E07000087,Fareham,,24UE | A1720,,E92000001,England,E12000008,RG_South-East,MR_Not-Metro-Region,116338,74,1567,47,https://upload.wikimedia.org/wikipedia/commons/9/98/Fareham_UK_locator_map.svg
E07000088,Gosport,,24UF | J1725,,E92000001,England,E12000008,RG_South-East,MR_Not-Metro-Region,84679,25,3337,42.8,https://upload.wikimedia.org/wikipedia/commons/6/6f/Gosport_UK_locator_map.svg
E07000089,Hart,,24UG | N1730,,E92000001,England,E12000008,RG_South-East,MR_Not-Metro-Region,97608,215,453,43.9,https://upload.wikimedia.org/wikipedia/commons/b/bf/Hart_UK_locator_map.svg
E07000090,Havant,,24UH | X1735,,E92000001,England,E12000008,RG_South-East,MR_Not-Metro-Region,126339,56,2267,46,https://upload.wikimedia.org/wikipedia/commons/f/f6/Havant_UK_locator_map.svg
E07000091,New Forest,,24UJ | B1740,,E92000001,England,E12000008,RG_South-East,MR_Not-Metro-Region,179649,752,239,51.2,https://upload.wikimedia.org/wikipedia/commons/6/6f/New_Forest_UK_locator_map.svg
E07000092,Rushmoor,,24UL | P1750,,E92000001,England,E12000008,RG_South-East,MR_Not-Metro-Region,94387,39,2417,39.2,https://upload.wikimedia.org/wikipedia/commons/f/f2/Rushmoor_UK_locator_map.svg
E07000093,Test Valley,,24UN | C1760,,E92000001,England,E12000008,RG_South-East,MR_Not-Metro-Region,127163,628,203,45.1,https://upload.wikimedia.org/wikipedia/commons/c/cc/Test_Valley_UK_locator_map.svg
E07000094,Winchester,,24UP | L1765,,E92000001,England,E12000008,RG_South-East,MR_Not-Metro-Region,125925,661,191,43.7,https://upload.wikimedia.org/wikipedia/commons/c/c7/Winchester_UK_locator_map.svg
E07000095,Broxbourne,,26UB | W1905,,E92000001,England,E12000006,RG_East-of-England,MR_Not-Metro-Region,97592,51,1897,40.3,https://upload.wikimedia.org/wikipedia/commons/2/2a/Broxbourne_UK_locator_map.svg
E07000096,Dacorum,,26UC | A1910,,E92000001,England,E12000006,RG_East-of-England,MR_Not-Metro-Region,155457,212,732,40.9,https://upload.wikimedia.org/wikipedia/commons/d/d5/Dacorum_UK_locator_map.svg
E07000098,Hertsmere,,26UE | N1920,,E92000001,England,E12000006,RG_East-of-England,MR_Not-Metro-Region,105471,101,1043,40.9,https://upload.wikimedia.org/wikipedia/commons/7/74/Hertsmere_UK_locator_map.svg
E07000099,North Hertfordshire,,26UF | X1925,,E92000001,England,E12000006,RG_East-of-England,MR_Not-Metro-Region,133463,375,356,42.5,https://upload.wikimedia.org/wikipedia/commons/4/41/North_Hertfordshire_UK_locator_map.svg
E07000102,Three Rivers,,26UJ | P1940,,E92000001,England,E12000006,RG_East-of-England,MR_Not-Metro-Region,93966,89,1058,42,https://upload.wikimedia.org/wikipedia/commons/d/d6/Three_Rivers_UK_locator_map.svg
E07000103,Watford,,26UK | Y1945,,E92000001,England,E12000006,RG_East-of-England,MR_Not-Metro-Region,96623,21,4509,37.3,https://upload.wikimedia.org/wikipedia/commons/9/9e/Watford_UK_locator_map.svg
E07000105,Ashford,,29UB | E2205,,E92000001,England,E12000008,RG_South-East,MR_Not-Metro-Region,131018,581,226,42.3,https://upload.wikimedia.org/wikipedia/commons/6/6a/Ashford_UK_locator_map.svg
E07000106,Canterbury,,29UC | J2210,,E92000001,England,E12000008,RG_South-East,MR_Not-Metro-Region,166762,309,540,38.1,https://upload.wikimedia.org/wikipedia/commons/1/1c/Canterbury_UK_locator_map.svg
E07000107,Dartford,,29UD | T2215,,E92000001,England,E12000008,RG_South-East,MR_Not-Metro-Region,114051,73,1568,37.4,https://upload.wikimedia.org/wikipedia/commons/2/22/Dartford_UK_locator_map.svg
E07000108,Dover,,29UE | X2220,,E92000001,England,E12000008,RG_South-East,MR_Not-Metro-Region,118514,315,376,46.7,https://upload.wikimedia.org/wikipedia/commons/f/fc/Dover_UK_locator_map.svg
E07000109,Gravesham,,29UG | K2230,,E92000001,England,E12000008,RG_South-East,MR_Not-Metro-Region,106890,99,1080,39.8,https://upload.wikimedia.org/wikipedia/commons/a/ad/Gravesham_UK_locator_map.svg
E07000110,Maidstone,,29UH | U2235,,E92000001,England,E12000008,RG_South-East,MR_Not-Metro-Region,173132,393,440,41.5,https://upload.wikimedia.org/wikipedia/commons/8/8d/Maidstone_UK_locator_map.svg
E07000111,Sevenoaks,,29UK | G2245,,E92000001,England,E12000008,RG_South-East,MR_Not-Metro-Region,121387,369,329,44.3,https://upload.wikimedia.org/wikipedia/commons/a/a9/Sevenoaks_UK_locator_map.svg
E07000112,Folkestone and Hythe,Folkestone & Hythe | Shepway,29UL | L2250,,E92000001,England,E12000008,RG_South-East,MR_Not-Metro-Region,113320,357,317,47.6,https://upload.wikimedia.org/wikipedia/commons/3/36/Folkestone_and_Hythe_UK_locator_map.svg
E07000113,Swale,,29UM | V2255,,E92000001,England,E12000008,RG_South-East,MR_Not-Metro-Region,151015,373,404,41.1,https://upload.wikimedia.org/wikipedia/commons/9/9b/Swale_UK_locator_map.svg
E07000114,Thanet,,29UN | Z2260,,E92000001,England,E12000008,RG_South-East,MR_Not-Metro-Region,141458,104,1365,45.3,https://upload.wikimedia.org/wikipedia/commons/7/75/Thanet_UK_locator_map.svg
E07000115,Tonbridge and Malling,,29UP | H2265,,E92000001,England,E12000008,RG_South-East,MR_Not-Metro-Region,132571,240,552,42.4,https://upload.wikimedia.org/wikipedia/commons/f/f2/Tonbridge_and_Malling_UK_locator_map.svg
E07000116,Tunbridge Wells,,29UQ | M2270,,E92000001,England,E12000008,RG_South-East,MR_Not-Metro-Region,118939,331,359,43.5,https://upload.wikimedia.org/wikipedia/commons/a/a0/Tunbridge_Wells_UK_locator_map.svg
E07000117,Burnley,,30UD | Z2315,,E92000001,England,E12000002,RG_North-West,MR_Not-Metro-Region,89344,111,807,39.9,https://upload.wikimedia.org/wikipedia/commons/c/ce/Burnley_UK_locator_map.svg
E07000118,Chorley,,30UE | D2320,,E92000001,England,E12000002,RG_North-West,MR_Not-Metro-Region,118870,203,586,43.5,https://upload.wikimedia.org/wikipedia/commons/7/7a/Chorley_UK_locator_map.svg
E07000119,Fylde,,30UF | M2325,,E92000001,England,E12000002,RG_North-West,MR_Not-Metro-Region,81211,166,490,50.9,https://upload.wikimedia.org/wikipedia/commons/9/9a/Fylde_UK_locator_map.svg
E07000120,Hyndburn,,30UG | R2330,,E92000001,England,E12000002,RG_North-West,MR_Not-Metro-Region,81133,73,1111,39.9,https://upload.wikimedia.org/wikipedia/commons/0/03/Hyndburn_UK_locator_map.svg
E07000121,Lancaster,,30UH | A2335,,E92000001,England,E12000002,RG_North-West,MR_Not-Metro-Region,148119,567,261,39.1,https://upload.wikimedia.org/wikipedia/commons/8/86/Lancaster_UK_locator_map.svg
E07000122,Pendle,,30UJ | E2340,,E92000001,England,E12000002,RG_North-West,MR_Not-Metro-Region,92145,169,544,39.9,https://upload.wikimedia.org/wikipedia/commons/0/00/Pendle_UK_locator_map.svg
E07000123,Preston,,30UK | N2345,,E92000001,England,E12000002,RG_North-West,MR_Not-Metro-Region,144147,142,1013,35.3,https://upload.wikimedia.org/wikipedia/commons/9/98/Preston_UK_locator_map.svg
E07000124,Ribble Valley,,30UL | T2350,,E92000001,England,E12000002,RG_North-West,MR_Not-Metro-Region,62026,583,106,48.2,https://upload.wikimedia.org/wikipedia/commons/e/e6/Ribble_Valley_UK_locator_map.svg
E07000125,Rossendale,,30UM | B2355,,E92000001,England,E12000002,RG_North-West,MR_Not-Metro-Region,71432,138,517,42.5,https://upload.wikimedia.org/wikipedia/commons/0/0e/Rossendale_UK_locator_map.svg
E07000126,South Ribble,,30UN | F2360,,E92000001,England,E12000002,RG_North-West,MR_Not-Metro-Region,111086,113,982,44.7,https://upload.wikimedia.org/wikipedia/commons/7/7a/South_Ribble_UK_locator_map.svg
E07000127,West Lancashire,,30UP | P2365,,E92000001,England,E12000002,RG_North-West,MR_Not-Metro-Region,114496,347,330,44.6,https://upload.wikimedia.org/wikipedia/commons/b/b3/West_Lancashire_UK_locator_map.svg
E07000128,Wyre,,30UQ | U2370,,E92000001,England,E12000002,RG_North-West,MR_Not-Metro-Region,113067,282,401,50.1,https://upload.wikimedia.org/wikipedia/commons/d/d6/Wyre_UK_locator_map.svg
E07000129,Blaby,,31UB | T2405,,E92000001,England,E12000004,RG_East-Midlands,MR_Not-Metro-Region,101950,130,781,42.8,https://upload.wikimedia.org/wikipedia/commons/2/28/Blaby_UK_locator_map.svg
E07000130,Charnwood,,31UC | X2410,,E92000001,England,E12000004,RG_East-Midlands,MR_Not-Metro-Region,188416,279,675,38.3,https://upload.wikimedia.org/wikipedia/commons/6/6b/Charnwood_UK_locator_map.svg
E07000131,Harborough,,31UD | F2415,,E92000001,England,E12000004,RG_East-Midlands,MR_Not-Metro-Region,95537,592,161,46.3,https://upload.wikimedia.org/wikipedia/commons/6/6e/Harborough_UK_locator_map.svg
E07000132,Hinckley and Bosworth,,31UE | K2420,,E92000001,England,E12000004,RG_East-Midlands,MR_Not-Metro-Region,113666,297,382,45.1,https://upload.wikimedia.org/wikipedia/commons/8/89/Hinckley_and_Bosworth_UK_locator_map.svg
E07000133,Melton,,31UG | Y2430,,E92000001,England,E12000004,RG_East-Midlands,MR_Not-Metro-Region,51394,481,107,48,https://upload.wikimedia.org/wikipedia/commons/e/ec/Melton_UK_locator_map.svg
E07000134,North West Leicestershire,,31UH | G2435,,E92000001,England,E12000004,RG_East-Midlands,MR_Not-Metro-Region,104809,279,375,43.9,https://upload.wikimedia.org/wikipedia/commons/c/c8/North_West_Leicestershire_UK_locator_map.svg
E07000135,Oadby and Wigston,,31UJ | L2440,,E92000001,England,E12000004,RG_East-Midlands,MR_Not-Metro-Region,57313,24,2436,42.4,https://upload.wikimedia.org/wikipedia/commons/e/eb/Oadby_and_Wigston_UK_locator_map.svg
E07000136,Boston,,32UB | Z2505,,E92000001,England,E12000004,RG_East-Midlands,MR_Not-Metro-Region,70837,364,195,41.8,https://upload.wikimedia.org/wikipedia/commons/6/6c/Boston_UK_locator_map.svg
E07000137,East Lindsey,,32UC | D2510,,E92000001,England,E12000004,RG_East-Midlands,MR_Not-Metro-Region,142030,1767,80,52.8,https://upload.wikimedia.org/wikipedia/commons/8/8e/East_Lindsey_UK_locator_map.svg
E07000138,Lincoln,,32UD | M2515,,E92000001,England,E12000004,RG_East-Midlands,MR_Not-Metro-Region,100049,36,2803,33.1,https://upload.wikimedia.org/wikipedia/commons/c/c4/Lincoln_UK_locator_map.svg
E07000139,North Kesteven,,32UE | R2520,,E92000001,England,E12000004,RG_East-Midlands,MR_Not-Metro-Region,118149,922,128,46.3,https://upload.wikimedia.org/wikipedia/commons/c/c9/North_Kesteven_UK_locator_map.svg
E07000140,South Holland,,32UF | A2525,,E92000001,England,E12000004,RG_East-Midlands,MR_Not-Metro-Region,95857,750,128,46.5,https://upload.wikimedia.org/wikipedia/commons/9/9c/South_Holland_UK_locator_map.svg
E07000141,South Kesteven,,32UG | E2530,,E92000001,England,E12000004,RG_East-Midlands,MR_Not-Metro-Region,143225,943,152,46.8,https://upload.wikimedia.org/wikipedia/commons/b/b3/South_Kesteven_UK_locator_map.svg
E07000142,West Lindsey,,32UH | N2535,,E92000001,England,E12000004,RG_East-Midlands,MR_Not-Metro-Region,96186,1156,83,48.5,https://upload.wikimedia.org/wikipedia/commons/0/08/West_Lindsey_UK_locator_map.svg
E07000143,Breckland,,33UB | F2605,,E92000001,England,E12000006,RG_East-of-England,MR_Not-Metro-Region,141255,1305,108,47.1,https://upload.wikimedia.org/wikipedia/commons/6/66/Breckland_UK_locator_map.svg
E07000144,Broadland,,33UC | K2610,,E92000001,England,E12000006,RG_East-of-England,MR_Not-Metro-Region,131931,552,239,48.2,https://upload.wikimedia.org/wikipedia/commons/4/49/Broadland_UK_locator_map.svg
E07000145,Great Yarmouth,,33UD | U2615,,E92000001,England,E12000006,RG_East-of-England,MR_Not-Metro-Region,99198,174,569,46.2,https://upload.wikimedia.org/wikipedia/commons/c/c0/Great_Yarmouth_UK_locator_map.svg
E07000146,King's Lynn and West Norfolk,Kings Lynn and West Norfolk,33UE | V2635,,E92000001,England,E12000006,RG_East-of-England,MR_Not-Metro-Region,151245,1440,105,48.2,https://upload.wikimedia.org/wikipedia/commons/4/41/King%27s_Lynn_and_West_Norfolk_UK_locator_map.svg
E07000147,North Norfolk,,33UF | Y2620,,E92000001,England,E12000006,RG_East-of-England,MR_Not-Metro-Region,105167,966,109,54.7,https://upload.wikimedia.org/wikipedia/commons/f/f3/North_Norfolk_UK_locator_map.svg
E07000148,Norwich,,33UG | G2625,,E92000001,England,E12000006,RG_East-of-England,MR_Not-Metro-Region,142177,39,3644,33.3,https://upload.wikimedia.org/wikipedia/commons/a/a5/Norwich_UK_locator_map.svg
E07000149,South Norfolk,,33UH | L2630,,E92000001,England,E12000006,RG_East-of-England,MR_Not-Metro-Region,143066,908,158,46.3,https://upload.wikimedia.org/wikipedia/commons/7/77/South_Norfolk_UK_locator_map.svg
E07000163,Craven,,36UB | M2705,,E92000001,England,E12000003,RG_Yorkshire-and-The-Humber,MR_Not-Metro-Region,57338,1177,49,51,https://upload.wikimedia.org/wikipedia/commons/0/0d/Craven_UK_locator_map.svg
E07000164,Hambleton,,36UC | R2710,,E92000001,England,E12000003,RG_Yorkshire-and-The-Humber,MR_Not-Metro-Region,91932,1311,70,50.3,https://upload.wikimedia.org/wikipedia/commons/2/2d/Hambleton_UK_locator_map.svg
E07000165,Harrogate,,36UD | E2734,,E92000001,England,E12000003,RG_Yorkshire-and-The-Humber,MR_Not-Metro-Region,161545,1308,124,47.8,https://upload.wikimedia.org/wikipedia/commons/6/6a/Harrogate_UK_locator_map.svg
E07000166,Richmondshire,,36UE | E2720,,E92000001,England,E12000003,RG_Yorkshire-and-The-Humber,MR_Not-Metro-Region,53732,1319,41,44.5,https://upload.wikimedia.org/wikipedia/commons/b/b8/Richmondshire_UK_locator_map.svg
E07000167,Ryedale,,36UF | Y2736,,E92000001,England,E12000003,RG_Yorkshire-and-The-Humber,MR_Not-Metro-Region,55629,1507,37,50.8,https://upload.wikimedia.org/wikipedia/commons/1/13/Ryedale_UK_locator_map.svg
E07000168,Scarborough,,36UG | T2730,,E92000001,England,E12000003,RG_Yorkshire-and-The-Humber,MR_Not-Metro-Region,108737,816,133,50.4,https://upload.wikimedia.org/wikipedia/commons/b/be/Scarborough_UK_locator_map.svg
E07000169,Selby,,36UH | N2739,,E92000001,England,E12000003,RG_Yorkshire-and-The-Humber,MR_Not-Metro-Region,91697,599,153,44.5,https://upload.wikimedia.org/wikipedia/commons/3/32/Selby_UK_locator_map.svg
E07000170,Ashfield,,37UB | W3005,,E92000001,England,E12000004,RG_East-Midlands,MR_Not-Metro-Region,128337,110,1171,41.9,https://upload.wikimedia.org/wikipedia/commons/7/7c/Ashfield_UK_locator_map.svg
E07000171,Bassetlaw,,37UC | A3010,,E92000001,England,E12000004,RG_East-Midlands,MR_Not-Metro-Region,118280,638,185,45.8,https://upload.wikimedia.org/wikipedia/commons/8/8a/Bassetlaw_UK_locator_map.svg
E07000172,Broxtowe,,37UD | J3015,,E92000001,England,E12000004,RG_East-Midlands,MR_Not-Metro-Region,114627,80,1431,42.9,https://upload.wikimedia.org/wikipedia/commons/d/d8/Broxtowe_UK_locator_map.svg
E07000173,Gedling,,37UE | N3020,,E92000001,England,E12000004,RG_East-Midlands,MR_Not-Metro-Region,118239,120,985,43.9,https://upload.wikimedia.org/wikipedia/commons/0/0d/Gedling_UK_locator_map.svg
E07000174,Mansfield,,37UF | X3025,,E92000001,England,E12000004,RG_East-Midlands,MR_Not-Metro-Region,109351,77,1426,42.1,https://upload.wikimedia.org/wikipedia/commons/d/d8/Mansfield_UK_locator_map.svg
E07000175,Newark and Sherwood,,37UG | B3030,,E92000001,England,E12000004,RG_East-Midlands,MR_Not-Metro-Region,123127,651,189,45.5,https://upload.wikimedia.org/wikipedia/commons/a/a5/Newark_and_Sherwood_UK_locator_map.svg
E07000176,Rushcliffe,,37UJ | P3040,,E92000001,England,E12000004,RG_East-Midlands,MR_Not-Metro-Region,121416,409,297,43.6,https://upload.wikimedia.org/wikipedia/commons/4/49/Rushcliffe_UK_locator_map.svg
E07000177,Cherwell,,38UB | C3105,,E92000001,England,E12000008,RG_South-East,MR_Not-Metro-Region,151846,589,258,41.5,https://upload.wikimedia.org/wikipedia/commons/0/04/Cherwell_UK_locator_map.svg
E07000178,Oxford,,38UC | G3110,,E92000001,England,E12000008,RG_South-East,MR_Not-Metro-Region,151584,46,3324,28.6,https://upload.wikimedia.org/wikipedia/commons/8/88/Oxford_UK_locator_map.svg
E07000179,South Oxfordshire,,38UD | Q3115,,E92000001,England,E12000008,RG_South-East,MR_Not-Metro-Region,143782,679,212,44.4,https://upload.wikimedia.org/wikipedia/commons/0/09/South_Oxfordshire_UK_locator_map.svg
E07000180,Vale of White Horse,,38UE | V3120,,E92000001,England,E12000008,RG_South-East,MR_Not-Metro-Region,137910,578,239,42.5,https://upload.wikimedia.org/wikipedia/commons/4/44/Vale_of_White_Horse_UK_locator_map.svg
E07000181,West Oxfordshire,,38UF | D3125,,E92000001,England,E12000008,RG_South-East,MR_Not-Metro-Region,111758,714,156,44.7,https://upload.wikimedia.org/wikipedia/commons/1/18/West_Oxfordshire_UK_locator_map.svg
E07000187,Mendip,,40UB | Q3305,,E92000001,England,E12000009,RG_South-West,MR_Not-Metro-Region,116288,739,157,47.3,https://upload.wikimedia.org/wikipedia/commons/f/fa/Mendip_UK_locator_map.svg
E07000188,Sedgemoor,,40UC | V3310,,E92000001,England,E12000009,RG_South-West,MR_Not-Metro-Region,123446,564,219,47,https://upload.wikimedia.org/wikipedia/commons/2/26/Sedgemoor_UK_locator_map.svg
E07000189,South Somerset,,40UD | R3325,,E92000001,England,E12000009,RG_South-West,MR_Not-Metro-Region,168696,959,176,48.1,https://upload.wikimedia.org/wikipedia/commons/8/84/South_Somerset_UK_locator_map.svg
E07000192,Cannock Chase,,41UB | X3405,,E92000001,England,E12000005,RG_West-Midlands,MR_Not-Metro-Region,101484,79,1287,42.4,https://upload.wikimedia.org/wikipedia/commons/7/73/Cannock_Chase_UK_locator_map.svg
E07000193,East Staffordshire,,41UC | B3410,,E92000001,England,E12000005,RG_West-Midlands,MR_Not-Metro-Region,120923,387,312,41.8,https://upload.wikimedia.org/wikipedia/commons/5/5b/East_Staffordshire_UK_locator_map.svg
E07000194,Lichfield,,41UD | K3415,,E92000001,England,E12000005,RG_West-Midlands,MR_Not-Metro-Region,105637,331,319,46.6,https://upload.wikimedia.org/wikipedia/commons/3/37/Lichfield_UK_locator_map.svg
E07000195,Newcastle-under-Lyme,,41UE | P3420,,E92000001,England,E12000005,RG_West-Midlands,MR_Not-Metro-Region,129610,211,614,41.8,https://upload.wikimedia.org/wikipedia/commons/d/d7/Newcastle-under-Lyme_UK_locator_map.svg
E07000196,South Staffordshire,,41UF | C3430,,E92000001,England,E12000005,RG_West-Midlands,MR_Not-Metro-Region,112369,407,276,48.1,https://upload.wikimedia.org/wikipedia/commons/2/23/South_Staffordshire_UK_locator_map.svg
E07000197,Stafford,,41UG | Y3425,,E92000001,England,E12000005,RG_West-Midlands,MR_Not-Metro-Region,137858,598,230,45.5,https://upload.wikimedia.org/wikipedia/commons/5/59/Stafford_UK_locator_map.svg
E07000198,Staffordshire Moorlands,,41UH | L3435,,E92000001,England,E12000005,RG_West-Midlands,MR_Not-Metro-Region,98427,576,171,49,https://upload.wikimedia.org/wikipedia/commons/f/fa/Staffordshire_Moorlands_UK_locator_map.svg
E07000199,Tamworth,,41UK | Z3445,,E92000001,England,E12000005,RG_West-Midlands,MR_Not-Metro-Region,76864,31,2491,41.3,https://upload.wikimedia.org/wikipedia/commons/0/09/Tamworth_UK_locator_map.svg
E07000200,Babergh,,42UB | D3505,,E92000001,England,E12000006,RG_East-of-England,MR_Not-Metro-Region,92735,594,156,49.1,https://upload.wikimedia.org/wikipedia/commons/9/9a/Babergh_UK_locator_map.svg
E07000202,Ipswich,,42UD | R3515,,E92000001,England,E12000006,RG_East-of-England,MR_Not-Metro-Region,135979,40,3442,38.5,https://upload.wikimedia.org/wikipedia/commons/6/67/Ipswich_UK_locator_map.svg
E07000203,Mid Suffolk,,42UE | W3520,,E92000001,England,E12000006,RG_East-of-England,MR_Not-Metro-Region,104857,871,120,48,https://upload.wikimedia.org/wikipedia/commons/8/8e/Mid_Suffolk_UK_locator_map.svg
E07000207,Elmbridge,,43UB | K3605,,E92000001,England,E12000008,RG_South-East,MR_Not-Metro-Region,137215,95,1444,43.4,https://upload.wikimedia.org/wikipedia/commons/1/10/Elmbridge_UK_locator_map.svg
E07000208,Epsom and Ewell,,43UC | P3610,,E92000001,England,E12000008,RG_South-East,MR_Not-Metro-Region,81003,34,2377,41.7,https://upload.wikimedia.org/wikipedia/commons/6/63/Epsom_and_Ewell_UK_locator_map.svg
E07000209,Guildford,,43UD | Y3615,,E92000001,England,E12000008,RG_South-East,MR_Not-Metro-Region,150352,271,555,37.1,https://upload.wikimedia.org/wikipedia/commons/5/58/Guildford_UK_locator_map.svg
E07000210,Mole Valley,,43UE | C3620,,E92000001,England,E12000008,RG_South-East,MR_Not-Metro-Region,87547,258,339,47.6,https://upload.wikimedia.org/wikipedia/commons/c/c0/Mole_Valley_UK_locator_map.svg
E07000211,Reigate and Banstead,,43UF | L3625,,E92000001,England,E12000008,RG_South-East,MR_Not-Metro-Region,149243,129,1156,41.8,https://upload.wikimedia.org/wikipedia/commons/2/22/Reigate_and_Banstead_UK_locator_map.svg
E07000212,Runnymede,,43UG | Q3630,,E92000001,England,E12000008,RG_South-East,MR_Not-Metro-Region,90327,78,1157,37.4,https://upload.wikimedia.org/wikipedia/commons/7/79/Runnymede_UK_locator_map.svg
E07000213,Spelthorne,,43UH | Z3635,,E92000001,England,E12000008,RG_South-East,MR_Not-Metro-Region,99873,45,2225,42,https://upload.wikimedia.org/wikipedia/commons/b/b9/Spelthorne_UK_locator_map.svg
E07000214,Surrey Heath,,43UJ | D3640,,E92000001,England,E12000008,RG_South-East,MR_Not-Metro-Region,89204,95,938,44.1,https://upload.wikimedia.org/wikipedia/commons/0/0f/Surrey_Heath_UK_locator_map.svg
E07000215,Tandridge,,43UK | M3645,,E92000001,England,E12000008,RG_South-East,MR_Not-Metro-Region,88542,248,357,44.2,https://upload.wikimedia.org/wikipedia/commons/c/c2/Tandridge_UK_locator_map.svg
E07000216,Waverley,,43UL | R3650,,E92000001,England,E12000008,RG_South-East,MR_Not-Metro-Region,126556,345,367,45.3,https://upload.wikimedia.org/wikipedia/commons/2/24/Waverley_UK_locator_map.svg
E07000217,Woking,,43UM | A3655,,E92000001,England,E12000008,RG_South-East,MR_Not-Metro-Region,100008,64,1572,41.5,https://upload.wikimedia.org/wikipedia/commons/b/b5/Woking_UK_locator_map.svg
E07000218,North Warwickshire,,44UB | R3705,,E92000001,England,E12000005,RG_West-Midlands,MR_Not-Metro-Region,65452,284,230,45.6,https://upload.wikimedia.org/wikipedia/commons/3/35/North_Warwickshire_UK_locator_map.svg
E07000219,Nuneaton and Bedworth,,44UC | W3710,,E92000001,England,E12000005,RG_West-Midlands,MR_Not-Metro-Region,130373,79,1651,41.2,https://upload.wikimedia.org/wikipedia/commons/2/28/Nuneaton_and_Bedworth_UK_locator_map.svg
E07000220,Rugby,,44UD | E3715,,E92000001,England,E12000005,RG_West-Midlands,MR_Not-Metro-Region,110650,351,315,41,https://upload.wikimedia.org/wikipedia/commons/8/89/Rugby_UK_locator_map.svg
E07000221,Stratford-on-Avon,,44UE | J3720,,E92000001,England,E12000005,RG_West-Midlands,MR_Not-Metro-Region,132402,978,135,48.2,https://upload.wikimedia.org/wikipedia/commons/9/92/Stratford-on-Avon_UK_locator_map.svg
E07000222,Warwick,,44UF | T3725,,E92000001,England,E12000005,RG_West-Midlands,MR_Not-Metro-Region,144909,283,512,39.7,https://upload.wikimedia.org/wikipedia/commons/b/b2/Warwick_UK_locator_map.svg
E07000223,Adur,,45UB | Y3805,,E92000001,England,E12000008,RG_South-East,MR_Not-Metro-Region,64187,42,1526,45.8,https://upload.wikimedia.org/wikipedia/commons/f/fb/Adur_UK_locator_map.svg
E07000224,Arun,,45UC | C3810,,E92000001,England,E12000008,RG_South-East,MR_Not-Metro-Region,161123,221,729,50,https://upload.wikimedia.org/wikipedia/commons/5/56/Arun_UK_locator_map.svg
E07000225,Chichester,,45UD | L3815,,E92000001,England,E12000008,RG_South-East,MR_Not-Metro-Region,121508,786,155,49.6,https://upload.wikimedia.org/wikipedia/commons/0/0e/Chichester_UK_locator_map.svg
E07000226,Crawley,,45UE | Q3820,,E92000001,England,E12000008,RG_South-East,MR_Not-Metro-Region,112474,45,2501,37.8,https://upload.wikimedia.org/wikipedia/commons/3/35/Crawley_UK_locator_map.svg
E07000227,Horsham,,45UF | Z3825,,E92000001,England,E12000008,RG_South-East,MR_Not-Metro-Region,145474,530,274,46.4,https://upload.wikimedia.org/wikipedia/commons/b/b9/Horsham_UK_locator_map.svg
E07000228,Mid Sussex,,45UG | D3830,,E92000001,England,E12000008,RG_South-East,MR_Not-Metro-Region,152142,334,455,43.9,https://upload.wikimedia.org/wikipedia/commons/7/7d/Mid_Sussex_UK_locator_map.svg
E07000229,Worthing,,45UH | M3835,,E92000001,England,E12000008,RG_South-East,MR_Not-Metro-Region,110727,33,3405,45.4,https://upload.wikimedia.org/wikipedia/commons/2/26/Worthing_UK_locator_map.svg
E07000234,Bromsgrove,,47UB | P1805,,E92000001,England,E12000005,RG_West-Midlands,MR_Not-Metro-Region,100569,217,464,45.5,https://upload.wikimedia.org/wikipedia/commons/5/5c/Bromsgrove_UK_locator_map.svg
E07000235,Malvern Hills,,47UC | J1860,,E92000001,England,E12000005,RG_West-Midlands,MR_Not-Metro-Region,79445,577,138,50.9,https://upload.wikimedia.org/wikipedia/commons/1/1e/Malvern_Hills_UK_locator_map.svg
E07000236,Redditch,,47UD | Q1825,,E92000001,England,E12000005,RG_West-Midlands,MR_Not-Metro-Region,85568,54,1577,40.3,https://upload.wikimedia.org/wikipedia/commons/6/61/Redditch_UK_locator_map.svg
E07000237,Worcester,,47UE | D1835,,E92000001,England,E12000005,RG_West-Midlands,MR_Not-Metro-Region,100265,33,3013,39.1,https://upload.wikimedia.org/wikipedia/commons/4/4b/Worcester_UK_locator_map.svg
E07000238,Wychavon,,47UF | H1840,,E92000001,England,E12000005,RG_West-Midlands,MR_Not-Metro-Region,131084,664,198,48.4,https://upload.wikimedia.org/wikipedia/commons/6/64/Wychavon_UK_locator_map.svg
E07000239,Wyre Forest,,47UG | R1845,,E92000001,England,E12000005,RG_West-Midlands,MR_Not-Metro-Region,101139,195,518,47,https://upload.wikimedia.org/wikipedia/commons/6/63/Wyre_Forest_UK_locator_map.svg
E07000240,St Albans,,26UG | B1930,,E92000001,England,E12000006,RG_East-of-England,MR_Not-Metro-Region,149317,161,926,41.2,https://upload.wikimedia.org/wikipedia/commons/f/fd/St_Albans_UK_locator_map.svg
E07000241,Welwyn Hatfield,,26UL | C1950,,E92000001,England,E12000006,RG_East-of-England,MR_Not-Metro-Region,123893,130,956,35.8,https://upload.wikimedia.org/wikipedia/commons/0/0d/Welwyn_Hatfield_UK_locator_map.svg
E07000242,East Hertfordshire,,26UD | E07000097 | J1915,,E92000001,England,E12000006,RG_East-of-England,MR_Not-Metro-Region,151786,476,319,42.7,https://upload.wikimedia.org/wikipedia/commons/8/8e/East_Hertfordshire_UK_locator_map.svg
E07000243,Stevenage,,26UH | E07000101 | K1935,,E92000001,England,E12000006,RG_East-of-England,MR_Not-Metro-Region,88104,26,3393,38.4,https://upload.wikimedia.org/wikipedia/commons/d/d2/Stevenage_UK_locator_map.svg
E07000244,East Suffolk,Suffolk Coastal | Waveney,42UG | 42UH | E07000205 | E07000206 | J3530 | T3535,,E92000001,England,E12000006,RG_East-of-England,MR_Not-Metro-Region,250373,1261,199,49.6,https://upload.wikimedia.org/wikipedia/commons/2/23/East_Suffolk_UK_locator_map.svg
E07000245,West Suffolk,Forest Heath | St Edmundsbury,42UC | 42UF | E07000201 | E07000204 | E3525 | H3510,,E92000001,England,E12000006,RG_East-of-England,MR_Not-Metro-Region,177302,1035,171,41.9,https://upload.wikimedia.org/wikipedia/commons/9/98/West_Suffolk_UK_locator_map.svg
E07000246,Somerset West and Taunton,Taunton Deane | West Somerset,40UE | 40UF | D3315 | E07000190 | E07000191 | H3320,,E92000001,England,E12000009,RG_South-West,MR_Not-Metro-Region,155421,1188,131,48.2,https://upload.wikimedia.org/wikipedia/commons/2/2f/Somerset_West_and_Taunton_UK_locator_map.svg
E08000001,Bolton,,00BL | N4205,,E92000001,England,E12000002,RG_North-West,MR_Greater-Manchester,288248,140,2062,38.9,https://upload.wikimedia.org/wikipedia/commons/5/5d/Bolton_UK_locator_map.svg
E08000002,Bury,,00BM | T4210,,E92000001,England,E12000002,RG_North-West,MR_Greater-Manchester,190708,99,1917,40.4,https://upload.wikimedia.org/wikipedia/commons/3/38/Bury_UK_locator_map.svg
E08000003,Manchester,,00BN | B4215,,E92000001,England,E12000002,RG_North-West,MR_Greater-Manchester,555741,116,4805,30.3,https://upload.wikimedia.org/wikipedia/commons/9/93/Manchester_UK_locator_map.svg
E08000004,Oldham,,00BP | F4220,,E92000001,England,E12000002,RG_North-West,MR_Greater-Manchester,237628,142,1669,37.3,https://upload.wikimedia.org/wikipedia/commons/d/d8/Oldham_UK_locator_map.svg
E08000005,Rochdale,,00BQ | P4225,,E92000001,England,E12000002,RG_North-West,MR_Greater-Manchester,223659,158,1414,38.2,https://upload.wikimedia.org/wikipedia/commons/c/c0/Rochdale_UK_locator_map.svg
E08000006,Salford,,00BR | U4230,,E92000001,England,E12000002,RG_North-West,MR_Greater-Manchester,262697,97,2703,34.7,https://upload.wikimedia.org/wikipedia/commons/1/11/Salford_UK_locator_map.svg
E08000007,Stockport,,00BS | C4235,,E92000001,England,E12000002,RG_North-West,MR_Greater-Manchester,294197,126,2334,42.3,https://upload.wikimedia.org/wikipedia/commons/3/3c/Stockport_UK_locator_map.svg
E08000008,Tameside,,00BT | G4240,,E92000001,England,E12000002,RG_North-West,MR_Greater-Manchester,227117,103,2202,40.1,https://upload.wikimedia.org/wikipedia/commons/6/61/Tameside_UK_locator_map.svg
E08000009,Trafford,,00BU | Q4245,,E92000001,England,E12000002,RG_North-West,MR_Greater-Manchester,237579,106,2240,40.9,https://upload.wikimedia.org/wikipedia/commons/0/01/Trafford_UK_locator_map.svg
E08000010,Wigan,,00BW | V4250,,E92000001,England,E12000002,RG_North-West,MR_Greater-Manchester,330712,188,1758,42,https://upload.wikimedia.org/wikipedia/commons/9/9b/Wigan_UK_locator_map.svg
E08000011,Knowsley,,00BX | V4305,,E92000001,England,E12000002,RG_North-West,MR_Liverpool-City-Region,152452,87,1762,39.2,https://upload.wikimedia.org/wikipedia/commons/2/21/Knowsley_UK_locator_map.svg
E08000012,Liverpool,,00BY | Z4310,,E92000001,England,E12000002,RG_North-West,MR_Liverpool-City-Region,500474,112,4475,34.8,https://upload.wikimedia.org/wikipedia/commons/2/29/Liverpool_UK_locator_map.svg
E08000013,St. Helens,St Helens,00BZ | H4315,,E92000001,England,E12000002,RG_North-West,MR_Liverpool-City-Region,181095,136,1328,42.8,https://upload.wikimedia.org/wikipedia/commons/c/c2/St_Helens_UK_locator_map.svg
E08000014,Sefton,,00CA | M4320,,E92000001,England,E12000002,RG_North-West,MR_Liverpool-City-Region,275899,157,1762,46.5,https://upload.wikimedia.org/wikipedia/commons/7/7a/Sefton_UK_locator_map.svg
E08000015,Wirral,,00CB | W4325,,E92000001,England,E12000002,RG_North-West,MR_Liverpool-City-Region,324336,161,2015,44.4,https://upload.wikimedia.org/wikipedia/commons/b/b7/Wirral_UK_locator_map.svg
E08000016,Barnsley,,00CC | B4405,,E92000001,England,E12000003,RG_Yorkshire-and-The-Humber,MR_Sheffield-City-Region,248071,329,754,42.3,https://upload.wikimedia.org/wikipedia/commons/b/b9/Barnsley_UK_locator_map.svg
E08000017,Doncaster,,00CE | F4410,,E92000001,England,E12000003,RG_Yorkshire-and-The-Humber,MR_Sheffield-City-Region,312785,568,551,41.2,https://upload.wikimedia.org/wikipedia/commons/a/a9/Doncaster_UK_locator_map.svg
E08000018,Rotherham,,00CF | P4415,,E92000001,England,E12000003,RG_Yorkshire-and-The-Humber,MR_Sheffield-City-Region,264984,287,925,41.8,https://upload.wikimedia.org/wikipedia/commons/c/c9/Rotherham_UK_locator_map.svg
E08000019,Sheffield,,00CG | U4420,,E92000001,England,E12000003,RG_Yorkshire-and-The-Humber,MR_Sheffield-City-Region,589214,368,1601,35.3,https://upload.wikimedia.org/wikipedia/commons/b/b4/Sheffield_UK_locator_map.svg
E08000021,Newcastle upon Tyne,,00CJ | M4510,,E92000001,England,E12000001,RG_North-East,MR_North-of-Tyne,306824,113,2704,32.1,https://upload.wikimedia.org/wikipedia/commons/3/34/Newcastle_upon_Tyne_UK_locator_map.svg
E08000022,North Tyneside,,00CK | W4515,,E92000001,England,E12000001,RG_North-East,MR_North-of-Tyne,208871,82,2537,43.3,https://upload.wikimedia.org/wikipedia/commons/c/c1/North_Tyneside_UK_locator_map.svg
E08000023,South Tyneside,,00CL | A4520,,E92000001,England,E12000001,RG_North-East,MR_Not-Metro-Region,151133,64,2346,43.2,https://upload.wikimedia.org/wikipedia/commons/6/67/South_Tyneside_UK_locator_map.svg
E08000024,Sunderland,,00CM | J4525,,E92000001,England,E12000001,RG_North-East,MR_Not-Metro-Region,277846,137,2022,42.1,https://upload.wikimedia.org/wikipedia/commons/c/cc/Sunderland_UK_locator_map.svg
E08000025,Birmingham,,00CN | P4605,,E92000001,England,E12000005,RG_West-Midlands,MR_West-Midlands,1140525,268,4259,32.7,https://upload.wikimedia.org/wikipedia/commons/a/a9/Birmingham_UK_locator_map.svg
E08000026,Coventry,,00CQ | U4610,,E92000001,England,E12000005,RG_West-Midlands,MR_West-Midlands,379387,99,3846,32,https://upload.wikimedia.org/wikipedia/commons/2/27/Coventry_UK_locator_map.svg
E08000027,Dudley,,00CR | C4615,,E92000001,England,E12000005,RG_West-Midlands,MR_West-Midlands,322363,98,3291,41.9,https://upload.wikimedia.org/wikipedia/commons/8/8b/Dudley_UK_locator_map.svg
E08000028,Sandwell,,00CS | G4620,,E92000001,England,E12000005,RG_West-Midlands,MR_West-Midlands,329042,86,3846,36.8,https://upload.wikimedia.org/wikipedia/commons/9/9f/Sandwell_UK_locator_map.svg
E08000029,Solihull,,00CT | Q4625,,E92000001,England,E12000005,RG_West-Midlands,MR_West-Midlands,217487,178,1220,42.9,https://upload.wikimedia.org/wikipedia/commons/5/5e/Solihull_UK_locator_map.svg
E08000030,Walsall,,00CU | V4630,,E92000001,England,E12000005,RG_West-Midlands,MR_West-Midlands,286716,104,2758,38.3,https://upload.wikimedia.org/wikipedia/commons/e/e6/Walsall_UK_locator_map.svg
E08000031,Wolverhampton,,00CW | D4635,,E92000001,England,E12000005,RG_West-Midlands,MR_West-Midlands,264407,69,3808,37.8,https://upload.wikimedia.org/wikipedia/commons/8/80/Wolverhampton_UK_locator_map.svg
E08000032,Bradford,,00CX | W4705,,E92000001,England,E12000003,RG_Yorkshire-and-The-Humber,MR_Not-Metro-Region,542128,366,1480,36.7,https://upload.wikimedia.org/wikipedia/commons/4/4c/Bradford_UK_locator_map.svg
E08000033,Calderdale,,00CY | A4710,,E92000001,England,E12000003,RG_Yorkshire-and-The-Humber,MR_Not-Metro-Region,211439,364,581,42.4,https://upload.wikimedia.org/wikipedia/commons/b/bd/Calderdale_UK_locator_map.svg
E08000034,Kirklees,,00CZ | J4715,,E92000001,England,E12000003,RG_Yorkshire-and-The-Humber,MR_Not-Metro-Region,441290,409,1080,39.9,https://upload.wikimedia.org/wikipedia/commons/0/02/Kirklees_UK_locator_map.svg
E08000035,Leeds,,00DA | N4720,,E92000001,England,E12000003,RG_Yorkshire-and-The-Humber,MR_Not-Metro-Region,798786,552,1448,35.1,https://upload.wikimedia.org/wikipedia/commons/c/c7/Leeds_UK_locator_map.svg
E08000036,Wakefield,,00DB | X4725,,E92000001,England,E12000003,RG_Yorkshire-and-The-Humber,MR_Not-Metro-Region,351592,339,1038,41.4,https://upload.wikimedia.org/wikipedia/commons/3/32/Wakefield_UK_locator_map.svg
E08000037,Gateshead,,00CH | E08000020 | H4505,,E92000001,England,E12000001,RG_North-East,MR_Not-Metro-Region,201950,142,1419,41.5,https://upload.wikimedia.org/wikipedia/commons/9/96/Gateshead_UK_locator_map.svg
E09000001,City of London,,00AA | K5030,,E92000001,England,E12000007,RG_London,MR_London,10938,3,3785,36.1,https://upload.wikimedia.org/wikipedia/commons/2/24/City_of_London_in_England_%28zoom%29.svg
E09000002,Barking and Dagenham,,00AB | Z5060,,E92000001,England,E12000007,RG_London,MR_London,214107,36,5931,32.7,https://upload.wikimedia.org/wikipedia/commons/0/00/Barking_and_Dagenham_UK_locator_map.svg
E09000003,Barnet,,00AC | N5090,,E92000001,England,E12000007,RG_London,MR_London,399007,87,4599,37.7,https://upload.wikimedia.org/wikipedia/commons/7/74/Barnet_UK_locator_map.svg
E09000004,Bexley,,00AD | D5120,,E92000001,England,E12000007,RG_London,MR_London,249301,61,4115,39,https://upload.wikimedia.org/wikipedia/commons/4/43/Bexley_UK_locator_map.svg
E09000005,Brent,,00AE | T5150,,E92000001,England,E12000007,RG_London,MR_London,327753,43,7580,36,https://upload.wikimedia.org/wikipedia/commons/8/85/Brent_UK_locator_map.svg
E09000006,Bromley,,00AF | G5180,,E92000001,England,E12000007,RG_London,MR_London,332752,150,2216,41.1,https://upload.wikimedia.org/wikipedia/commons/4/43/Bromley_UK_locator_map.svg
E09000007,Camden,,00AG | X5210,,E92000001,England,E12000007,RG_London,MR_London,279516,22,12834,34,https://upload.wikimedia.org/wikipedia/commons/f/ff/Camden_UK_locator_map.svg
E09000008,Croydon,,00AH | L5240,,E92000001,England,E12000007,RG_London,MR_London,388563,86,4493,37.9,https://upload.wikimedia.org/wikipedia/commons/9/95/Croydon_UK_locator_map.svg
E09000009,Ealing,,00AJ | A5270,,E92000001,England,E12000007,RG_London,MR_London,340341,56,6128,37.4,https://upload.wikimedia.org/wikipedia/commons/2/25/Ealing_UK_locator_map.svg
E09000010,Enfield,,00AK | Q5300,,E92000001,England,E12000007,RG_London,MR_London,333587,81,4127,36.7,https://upload.wikimedia.org/wikipedia/commons/5/5a/Enfield_UK_locator_map.svg
E09000011,Greenwich,,00AL | E5330,,E92000001,England,E12000007,RG_London,MR_London,289034,47,6109,35.3,https://upload.wikimedia.org/wikipedia/commons/b/b1/Greenwich_UK_locator_map.svg
E09000012,Hackney,,00AM | U5360,,E92000001,England,E12000007,RG_London,MR_London,280941,19,14752,33.7,https://upload.wikimedia.org/wikipedia/commons/3/32/Hackney_UK_locator_map.svg
E09000013,Hammersmith and Fulham,,00AN | H5390,,E92000001,England,E12000007,RG_London,MR_London,183544,16,11189,35.4,https://upload.wikimedia.org/wikipedia/commons/c/c6/Hammersmith_and_Fulham_UK_locator_map.svg
E09000014,Haringey,,00AP | Y5420,,E92000001,England,E12000007,RG_London,MR_London,266357,30,8997,36.4,https://upload.wikimedia.org/wikipedia/commons/a/a9/Haringey_in_Greater_London.svg
E09000015,Harrow,,00AQ | M5450,,E92000001,England,E12000007,RG_London,MR_London,252338,50,5000,38.4,https://upload.wikimedia.org/wikipedia/commons/0/04/LondonHarrow.svg
E09000016,Havering,,00AR | B5480,,E92000001,England,E12000007,RG_London,MR_London,260651,112,2320,39.2,https://upload.wikimedia.org/wikipedia/commons/3/3a/LondonHavering.svg
E09000017,Hillingdon,,00AS | R5510,,E92000001,England,E12000007,RG_London,MR_London,309014,116,2671,36.5,https://upload.wikimedia.org/wikipedia/commons/5/5d/LondonHillingdon.svg
E09000018,Hounslow,,00AT | F5540,,E92000001,England,E12000007,RG_London,MR_London,271767,56,4856,36.8,https://upload.wikimedia.org/wikipedia/commons/d/d3/LondonHounslow.svg
E09000019,Islington,,00AU | V5570,,E92000001,England,E12000007,RG_London,MR_London,248115,15,16699,31.9,https://upload.wikimedia.org/wikipedia/commons/a/ab/LondonIslington.svg
E09000020,Kensington and Chelsea,,00AW | K5600,,E92000001,England,E12000007,RG_London,MR_London,156864,12,12939,40.3,https://upload.wikimedia.org/wikipedia/commons/c/cc/LondonKensingtonChelsea.svg
E09000021,Kingston upon Thames,,00AX | Z5630,,E92000001,England,E12000007,RG_London,MR_London,179142,37,4808,37.7,https://upload.wikimedia.org/wikipedia/commons/7/70/LondonKingston.svg
E09000022,Lambeth,,00AY | N5660,,E92000001,England,E12000007,RG_London,MR_London,321813,27,12005,33.7,https://upload.wikimedia.org/wikipedia/commons/f/f6/LondonLambeth.svg
E09000023,Lewisham,,00AZ | C5690,,E92000001,England,E12000007,RG_London,MR_London,305309,35,8687,35.6,https://upload.wikimedia.org/wikipedia/commons/a/a3/LondonLewisham.svg
E09000024,Merton,,00BA | T5720,,E92000001,England,E12000007,RG_London,MR_London,206453,38,5487,37.7,https://upload.wikimedia.org/wikipedia/commons/9/92/LondonMerton.svg
E09000025,Newham,,00BB | G5750,,E92000001,England,E12000007,RG_London,MR_London,355266,36,9815,32.7,https://upload.wikimedia.org/wikipedia/commons/0/04/LondonNewham.svg
E09000026,Redbridge,,00BC | W5780,,E92000001,England,E12000007,RG_London,MR_London,305658,56,5420,36.1,https://upload.wikimedia.org/wikipedia/commons/7/7b/LondonRedbridge.svg
E09000027,Richmond upon Thames,,00BD | L5810,,E92000001,England,E12000007,RG_London,MR_London,198141,57,3452,41.6,https://upload.wikimedia.org/wikipedia/commons/a/af/LondonRichmond.svg
E09000028,Southwark,,00BE | A5840,,E92000001,England,E12000007,RG_London,MR_London,320017,29,11082,33.9,https://upload.wikimedia.org/wikipedia/commons/2/2a/LondonSouthwark.svg
E09000029,Sutton,,00BF | P5870,,E92000001,England,E12000007,RG_London,MR_London,207707,44,4737,39.8,https://upload.wikimedia.org/wikipedia/commons/8/84/LondonSutton.svg
E09000030,Tower Hamlets,,00BG | E5900,,E92000001,England,E12000007,RG_London,MR_London,331969,20,16791,31.9,https://upload.wikimedia.org/wikipedia/commons/8/86/LondonTowerHamlets.svg
E09000031,Waltham Forest,,00BH | U5930,,E92000001,England,E12000007,RG_London,MR_London,276940,39,7136,35.6,https://upload.wikimedia.org/wikipedia/commons/1/11/LondonWaltham.svg
E09000032,Wandsworth,,00BJ | H5960,,E92000001,England,E12000007,RG_London,MR_London,329735,34,9624,34.3,https://upload.wikimedia.org/wikipedia/commons/4/4b/LondonWandsworth.svg
E09000033,Westminster,,00BK | X5990,,E92000001,England,E12000007,RG_London,MR_London,269848,21,12561,36.3,https://upload.wikimedia.org/wikipedia/commons/a/ae/LondonWestminster.svg
N09000001,Antrim and Newtownabbey,,,,N92000002,Northern Ireland,N99999999,RG_Northern-Ireland,MR_Not-Metro-Region,143756,571,252,39.8,https://upload.wikimedia.org/wikipedia/commons/7/7b/Antrim_and_Newtownabbey_district_in_Northern_Ireland.svg
N09000002,"Armagh City, Banbridge and Craigavon",Armagh | Banbridge,,,N92000002,Northern Ireland,N99999999,RG_Northern-Ireland,MR_Not-Metro-Region,217232,1338,162,38.3,https://upload.wikimedia.org/wikipedia/commons/2/28/Armagh_in_Northern_Ireland.svg
N09000003,Belfast,,,,N92000002,Northern Ireland,N99999999,RG_Northern-Ireland,MR_Not-Metro-Region,342560,138,2487,36.2,https://upload.wikimedia.org/wikipedia/commons/3/36/Belfast_district_in_Northern_Ireland.svg
N09000004,Causeway Coast and Glens,,,,N92000002,Northern Ireland,N99999999,RG_Northern-Ireland,MR_Not-Metro-Region,144943,1986,73,41.5,https://upload.wikimedia.org/wikipedia/commons/a/a2/Causeway_Coast_and_Glens_district_in_Northern_Ireland.svg
N09000005,Derry City and Strabane,Derry City,,,N92000002,Northern Ireland,N99999999,RG_Northern-Ireland,MR_Not-Metro-Region,151109,1251,121,38.3,https://upload.wikimedia.org/wikipedia/commons/b/bb/Derry_and_Strabane_district_in_Northern_Ireland.svg
N09000006,Fermanagh and Omagh,,,,N92000002,Northern Ireland,N99999999,RG_Northern-Ireland,MR_Not-Metro-Region,117337,2864,41,40.1,https://upload.wikimedia.org/wikipedia/commons/b/b8/Fermanagh_and_Omagh_district_in_Northern_Ireland.svg
N09000007,Lisburn and Castlereagh,,,,N92000002,Northern Ireland,N99999999,RG_Northern-Ireland,MR_Not-Metro-Region,146452,506,290,40.6,https://upload.wikimedia.org/wikipedia/commons/7/7a/Lisburn_and_Castlereagh_district_in_Northern_Ireland.svg
N09000008,Mid and East Antrim,,,,N92000002,Northern Ireland,N99999999,RG_Northern-Ireland,MR_Not-Metro-Region,139443,1059,132,42.4,https://upload.wikimedia.org/wikipedia/commons/6/68/Mid_and_East_Antrim_district_in_Northern_Ireland.svg
N09000009,Mid Ulster,,,,N92000002,Northern Ireland,N99999999,RG_Northern-Ireland,MR_Not-Metro-Region,148953,1831,81,37,https://upload.wikimedia.org/wikipedia/commons/a/af/Mid_Ulster_district_in_Northern_Ireland.svg
N09000010,"Newry, Mourne and Down",Newry & Mourne,,,N92000002,Northern Ireland,N99999999,RG_Northern-Ireland,MR_Not-Metro-Region,181669,1682,108,38.4,https://upload.wikimedia.org/wikipedia/commons/c/c6/Newry%2C_Mourne_and_Down_district_in_Northern_Ireland.svg
N09000011,Ards and North Down,,,,N92000002,Northern Ireland,N99999999,RG_Northern-Ireland,MR_Not-Metro-Region,162056,566,286,44.4,https://upload.wikimedia.org/wikipedia/commons/8/8e/Ards_and_North_Down_district_in_Northern_Ireland.svg
S12000005,Clackmannanshire,,,,S92000003,Scotland,S99999999,RG_Scotland,MR_Not-Metro-Region,51290,159,322,45.2,https://upload.wikimedia.org/wikipedia/commons/4/4e/Clackmannanshire_in_Scotland.svg
S12000006,Dumfries and Galloway,Dumfries & Galloway,,,S92000003,Scotland,S99999999,RG_Scotland,MR_Not-Metro-Region,148290,6426,23,50,https://upload.wikimedia.org/wikipedia/commons/6/6c/Dumfries_and_Galloway_in_Scotland.svg
S12000008,East Ayrshire,,,,S92000003,Scotland,S99999999,RG_Scotland,MR_Not-Metro-Region,121600,1262,96,44.9,https://upload.wikimedia.org/wikipedia/commons/9/9d/East_Ayrshire_in_Scotland.svg
S12000010,East Lothian,,,,S92000003,Scotland,S99999999,RG_Scotland,MR_Not-Metro-Region,107900,679,159,44.8,https://upload.wikimedia.org/wikipedia/commons/b/b8/East_Lothian_in_Scotland.svg
S12000011,East Renfrewshire,,,,S92000003,Scotland,S99999999,RG_Scotland,MR_Not-Metro-Region,96060,174,551,43.7,https://upload.wikimedia.org/wikipedia/commons/d/dd/East_Renfrewshire_in_Scotland.svg
S12000013,Na h-Eileanan Siar,Eilean Siar,,,S92000003,Scotland,S99999999,RG_Scotland,MR_Not-Metro-Region,26500,3056,9,49.9,https://upload.wikimedia.org/wikipedia/commons/4/40/Na_h-Eileanan_Siar_in_Scotland.svg
S12000014,Falkirk,,,,S92000003,Scotland,S99999999,RG_Scotland,MR_Not-Metro-Region,160560,297,540,43.6,https://upload.wikimedia.org/wikipedia/commons/8/8c/Falkirk_in_Scotland.svg
S12000017,Highland,,,,S92000003,Scotland,S99999999,RG_Scotland,MR_Not-Metro-Region,235430,25653,9,47,https://upload.wikimedia.org/wikipedia/commons/1/1f/Highland_in_Scotland.svg
S12000018,Inverclyde,,,,S92000003,Scotland,S99999999,RG_Scotland,MR_Not-Metro-Region,77060,160,480,46.3,https://upload.wikimedia.org/wikipedia/commons/3/3f/Inverclyde_in_Scotland.svg
S12000019,Midlothian,,,,S92000003,Scotland,S99999999,RG_Scotland,MR_Not-Metro-Region,93150,354,263,41.6,https://upload.wikimedia.org/wikipedia/commons/a/ab/Midlothian_in_Scotland.svg
S12000020,Moray,,,,S92000003,Scotland,S99999999,RG_Scotland,MR_Not-Metro-Region,95710,2238,43,45.7,https://upload.wikimedia.org/wikipedia/commons/9/93/Moray_in_Scotland.svg
S12000021,North Ayrshire,,,,S92000003,Scotland,S99999999,RG_Scotland,MR_Not-Metro-Region,134250,885,152,46.9,https://upload.wikimedia.org/wikipedia/commons/d/db/North_Ayrshire_in_Scotland.svg
S12000023,Orkney Islands,,,,S92000003,Scotland,S99999999,RG_Scotland,MR_Not-Metro-Region,22400,991,23,48.3,https://upload.wikimedia.org/wikipedia/commons/8/86/Orkney_Islands_in_Scotland.svg
S12000026,Scottish Borders,,,,S92000003,Scotland,S99999999,RG_Scotland,MR_Not-Metro-Region,115240,4732,24,49.4,https://upload.wikimedia.org/wikipedia/commons/1/16/Scottish_Borders_in_Scotland.svg
S12000027,Shetland Islands,,,,S92000003,Scotland,S99999999,RG_Scotland,MR_Not-Metro-Region,22870,1467,16,44.5,https://upload.wikimedia.org/wikipedia/commons/a/aa/Shetland_Islands_in_Scotland.svg
S12000028,South Ayrshire,,,,S92000003,Scotland,S99999999,RG_Scotland,MR_Not-Metro-Region,112140,1222,92,49.3,https://upload.wikimedia.org/wikipedia/commons/0/04/South_Ayrshire_in_Scotland.svg
S12000029,South Lanarkshire,,,,S92000003,Scotland,S99999999,RG_Scotland,MR_Not-Metro-Region,320820,1772,181,44.2,https://upload.wikimedia.org/wikipedia/commons/1/1b/South_Lanarkshire_in_Scotland.svg
S12000030,Stirling,,,,S92000003,Scotland,S99999999,RG_Scotland,MR_Not-Metro-Region,94080,2186,43,42.5,https://upload.wikimedia.org/wikipedia/commons/3/37/Stirling_in_Scotland.svg
S12000033,Aberdeen City,,,,S92000003,Scotland,S99999999,RG_Scotland,MR_Not-Metro-Region,229060,186,1234,37.6,https://upload.wikimedia.org/wikipedia/commons/8/87/Aberdeen_City_in_Scotland.svg
S12000034,Aberdeenshire,,,,S92000003,Scotland,S99999999,RG_Scotland,MR_Not-Metro-Region,260780,6313,41,44.4,https://upload.wikimedia.org/wikipedia/commons/0/05/Aberdeenshire_in_Scotland.svg
S12000035,Argyll and Bute,Argyll & Bute,,,S92000003,Scotland,S99999999,RG_Scotland,MR_Not-Metro-Region,85430,6907,12,50,https://upload.wikimedia.org/wikipedia/commons/3/37/Argyll_and_Bute_in_Scotland.svg
S12000036,City of Edinburgh,"Edinburgh, City Of",,,S92000003,Scotland,S99999999,RG_Scotland,MR_Not-Metro-Region,527620,263,2003,36.7,https://upload.wikimedia.org/wikipedia/commons/3/3a/City_of_Edinburgh_in_Scotland.svg
S12000038,Renfrewshire,,,,S92000003,Scotland,S99999999,RG_Scotland,MR_Not-Metro-Region,179390,261,686,42.7,https://upload.wikimedia.org/wikipedia/commons/3/3f/Renfrewshire_in_Scotland.svg
S12000039,West Dunbartonshire,,,,S92000003,Scotland,S99999999,RG_Scotland,MR_Not-Metro-Region,88340,159,556,43.3,https://upload.wikimedia.org/wikipedia/commons/a/a5/West_Dunbartonshire_in_Scotland.svg
S12000040,West Lothian,,,,S92000003,Scotland,S99999999,RG_Scotland,MR_Not-Metro-Region,183820,428,430,41.2,https://upload.wikimedia.org/wikipedia/commons/4/47/West_Lothian_in_Scotland.svg
S12000041,Angus,,,,S92000003,Scotland,S99999999,RG_Scotland,MR_Not-Metro-Region,115820,2181,53,47.4,https://upload.wikimedia.org/wikipedia/commons/8/80/Angus_in_Scotland.svg
S12000042,Dundee City,,,,S92000003,Scotland,S99999999,RG_Scotland,MR_Not-Metro-Region,148820,60,2489,37.1,https://upload.wikimedia.org/wikipedia/commons/e/e8/Dundee_City_in_Scotland.svg
S12000045,East Dunbartonshire,,,,S92000003,Scotland,S99999999,RG_Scotland,MR_Not-Metro-Region,108750,174,623,46.3,https://upload.wikimedia.org/wikipedia/commons/a/a7/East_Dunbartonshire_in_Scotland.svg
S12000047,Fife,,,,S92000003,Scotland,S99999999,RG_Scotland,MR_Not-Metro-Region,374130,1325,282,43.9,https://upload.wikimedia.org/wikipedia/commons/5/5f/Fife_in_Scotland.svg
S12000048,Perth and Kinross,Perth & Kinross,,,S92000003,Scotland,S99999999,RG_Scotland,MR_Not-Metro-Region,151910,5286,29,47.3,https://upload.wikimedia.org/wikipedia/commons/d/df/Perth_and_Kinross_in_Scotland.svg
S12000049,Glasgow City,,,,S92000003,Scotland,S99999999,RG_Scotland,MR_Not-Metro-Region,635640,175,3640,35.7,https://upload.wikimedia.org/wikipedia/commons/3/39/Glasgow_City_in_Scotland.svg
S12000050,North Lanarkshire,,,,S92000003,Scotland,S99999999,RG_Scotland,MR_Not-Metro-Region,341140,470,726,41.6,https://upload.wikimedia.org/wikipedia/commons/c/c4/North_Lanarkshire_in_Scotland.svg
W06000001,Isle of Anglesey,Ynys Môn,,,W92000004,Wales,W99999999,RG_Wales,MR_Not-Metro-Region,70440,712,99,48.6,https://upload.wikimedia.org/wikipedia/commons/a/a0/Isle_of_Anglesey_UK_map.svg
W06000002,Gwynedd,,,,W92000004,Wales,W99999999,RG_Wales,MR_Not-Metro-Region,125171,2535,49,43,https://upload.wikimedia.org/wikipedia/commons/8/89/Gwynedd_UK_map.svg
W06000003,Conwy,,,,W92000004,Wales,W99999999,RG_Wales,MR_Not-Metro-Region,118184,1126,105,50,https://upload.wikimedia.org/wikipedia/commons/c/c2/Conwy_UK_map.svg
W06000004,Denbighshire,Sir Ddinbych,,,W92000004,Wales,W99999999,RG_Wales,MR_Not-Metro-Region,96664,837,116,46.6,https://upload.wikimedia.org/wikipedia/commons/1/17/Denbighshire_UK_map.svg
W06000005,Flintshire,Sir y Fflint,,,W92000004,Wales,W99999999,RG_Wales,MR_Not-Metro-Region,156847,440,357,43.8,https://upload.wikimedia.org/wikipedia/commons/7/78/Flintshire_UK_map.svg
W06000006,Wrexham,Wrecsam,,,W92000004,Wales,W99999999,RG_Wales,MR_Not-Metro-Region,136055,504,270,42.5,https://upload.wikimedia.org/wikipedia/commons/f/f3/Wrexham_UK_map.svg
W06000008,Ceredigion,,,,W92000004,Wales,W99999999,RG_Wales,MR_Not-Metro-Region,72895,1785,41,46.8,https://upload.wikimedia.org/wikipedia/commons/e/e0/Ceredigion_UK_map.svg
W06000009,Pembrokeshire,Sir Benfro,,,W92000004,Wales,W99999999,RG_Wales,MR_Not-Metro-Region,126751,1618,78,48.5,https://upload.wikimedia.org/wikipedia/commons/e/e8/Pembrokeshire_UK_map.svg
W06000010,Carmarthenshire,Sir Gaerfyrddin,,,W92000004,Wales,W99999999,RG_Wales,MR_Not-Metro-Region,190073,2370,80,46.6,https://upload.wikimedia.org/wikipedia/commons/9/9e/Carmarthenshire_UK_map.svg
W06000011,Swansea,Abertawe,,,W92000004,Wales,W99999999,RG_Wales,MR_Not-Metro-Region,246563,378,653,39.9,https://upload.wikimedia.org/wikipedia/commons/a/af/Swansea_UK_map.svg
W06000012,Neath Port Talbot,Castell-nedd Port Talbot,,,W92000004,Wales,W99999999,RG_Wales,MR_Not-Metro-Region,144386,441,327,43.2,https://upload.wikimedia.org/wikipedia/commons/5/5e/Neath_Port_Talbot_UK_map.svg
W06000013,Bridgend,Pen-y-bont ar Ogwr,,,W92000004,Wales,W99999999,RG_Wales,MR_Not-Metro-Region,147539,251,588,42.9,https://upload.wikimedia.org/wikipedia/commons/0/0e/Bridgend_UK_map.svg
W06000014,Vale of Glamorgan,Bro Morgannwg,,,W92000004,Wales,W99999999,RG_Wales,MR_Not-Metro-Region,135295,331,409,43.7,https://upload.wikimedia.org/wikipedia/commons/b/b6/Vale_of_Glamorgan_UK_map.svg
W06000015,Cardiff,Caerdydd,,,W92000004,Wales,W99999999,RG_Wales,MR_Not-Metro-Region,369202,141,2620,33.6,https://upload.wikimedia.org/wikipedia/commons/3/3c/Cardiff_UK_map.svg
W06000016,Rhondda Cynon Taf,,,,W92000004,Wales,W99999999,RG_Wales,MR_Not-Metro-Region,241873,424,570,40.6,https://upload.wikimedia.org/wikipedia/commons/4/4c/Rhondda_Cynon_Taf_UK_map.svg
W06000018,Caerphilly,Caerffili,,,W92000004,Wales,W99999999,RG_Wales,MR_Not-Metro-Region,181731,277,655,41.7,https://upload.wikimedia.org/wikipedia/commons/3/38/Caerphilly_UK_map.svg
W06000019,Blaenau Gwent,,,,W92000004,Wales,W99999999,RG_Wales,MR_Not-Metro-Region,70020,109,644,42.8,https://upload.wikimedia.org/wikipedia/commons/a/a8/Blaenau_Gwent_UK_map.svg
W06000020,Torfaen,,,,W92000004,Wales,W99999999,RG_Wales,MR_Not-Metro-Region,94832,126,754,41.9,https://upload.wikimedia.org/wikipedia/commons/f/ff/Torfaen_UK_map.svg
W06000021,Monmouthshire,Sir Fynwy,,,W92000004,Wales,W99999999,RG_Wales,MR_Not-Metro-Region,95164,849,112,49.2,https://upload.wikimedia.org/wikipedia/commons/a/a9/Monmouthshire_UK_map.svg
W06000022,Newport,Casnewydd,,,W92000004,Wales,W99999999,RG_Wales,MR_Not-Metro-Region,156447,190,822,38.7,https://upload.wikimedia.org/wikipedia/commons/a/a7/Newport_UK_map.svg
W06000023,Powys,,,,W92000004,Wales,W99999999,RG_Wales,MR_Not-Metro-Region,133030,5181,26,50.6,https://upload.wikimedia.org/wikipedia/commons/2/22/Powys_UK_map.svg
W06000024,Merthyr Tydfil,Merthyr Tudful,,,W92000004,Wales,W99999999,RG_Wales,MR_Not-Metro-Region,60424,111,542,40.4,https://upload.wikimedia.org/wikipedia/commons/e/ea/Merthyr_Tydfil_UK_map.svg